year,meet,black,gymnast,bars
2022,11,1,Brenna Brooks,9.800000000000001
2022,11,0,Geneva Thompson,9.824999999999999
2022,11,0,Lauren Thomas,9.85
2022,11,0,Morgan Bowles,8.800000000000001
2022,11,0,Skylar Killough-Wilhelm,9.9
2022,11,0,Taylor Russon,9.725
2022,10,0,Ashley Blum,9.074999999999999
2022,10,1,Brenna Brooks,9.875
2022,10,0,Geneva Thompson,9.824999999999999
2022,10,0,Lauren Thomas,9.725
2022,10,0,Skylar Killough-Wilhelm,9.875
2022,10,0,Taylor Russon,9.875
2022,9,1,Brenna Brooks,9.800000000000001
2022,9,0,Geneva Thompson,9.85
2022,9,0,Lauren Thomas,9.800000000000001
2022,9,0,Morgan Bowles,8.725
2022,9,0,Skylar Killough-Wilhelm,9.9
2022,9,0,Taylor Russon,9.125
2022,8,1,Brenna Brooks,9.775
2022,8,1,Deiah Moody,8.300000000000001
2022,8,0,Geneva Thompson,9.725
2022,8,0,Morgan Bowles,8.725
2022,8,0,Skylar Killough-Wilhelm,9.85
2022,8,0,Taylor Russon,9.65
2022,7,1,Brenna Brooks,9.85
2022,7,1,Deiah Moody,9.625
2022,7,0,Geneva Thompson,9.925000000000001
2022,7,0,Morgan Bowles,9.875
2022,7,0,Skylar Killough-Wilhelm,9.875
2022,7,0,Taylor Russon,9.800000000000001
2022,6,1,Brenna Brooks,9.775
2022,6,1,Deiah Moody,9.6
2022,6,0,Geneva Thompson,9.800000000000001
2022,6,0,Morgan Bowles,9.824999999999999
2022,6,0,Skylar Killough-Wilhelm,9.875
2022,6,0,Taylor Russon,9.875
2022,5,1,Brenna Brooks,9.775
2022,5,1,Deiah Moody,9.875
2022,5,0,Geneva Thompson,9.699999999999999
2022,5,0,Morgan Bowles,9.85
2022,5,0,Skylar Killough-Wilhelm,9.875
2022,5,0,Taylor Russon,8.949999999999999
2022,4,1,Brenna Brooks,9.85
2022,4,1,Deiah Moody,9.775
2022,4,0,Geneva Thompson,9.725
2022,4,0,Morgan Bowles,9.699999999999999
2022,4,0,Skylar Killough-Wilhelm,9.800000000000001
2022,3,1,Brenna Brooks,9.824999999999999
2022,3,1,Deiah Moody,9.75
2022,3,0,Geneva Thompson,9.15
2022,3,0,Morgan Bowles,9.65
2022,3,0,Skylar Killough-Wilhelm,9.925000000000001
2022,3,0,Taylor Russon,9.725
2022,2,1,Brenna Brooks,9.625
2022,2,1,Deiah Moody,9.675000000000001
2022,2,0,Geneva Thompson,9.875
2022,2,0,Morgan Bowles,8.85
2022,2,0,Skylar Killough-Wilhelm,9.9
2022,2,0,Taylor Russon,9.725
2022,1,1,Deiah Moody,9.824999999999999
2022,1,0,Geneva Thompson,9.725
2022,1,0,Isa Weiss,9.275
2022,1,0,Morgan Bowles,9.675000000000001
2022,1,0,Skylar Killough-Wilhelm,9.875
2022,1,0,Taylor Russon,9.725
2022,11,0,Brianna Brooks,9.800000000000001
2022,11,1,Eve Jackson,8.725
2022,11,0,Jessica Gutierrez,9.824999999999999
2022,11,0,Maia Fishwick,9.824999999999999
2022,11,0,Molly Arnold,9
2022,11,0,Rebecca Wells,9.699999999999999
2022,10,0,Brianna Brooks,9.85
2022,10,1,Eve Jackson,9.75
2022,10,0,Jessica Gutierrez,9.15
2022,10,0,Maia Fishwick,9.275
2022,10,0,Molly Arnold,9.775
2022,10,0,Rebecca Wells,9.824999999999999
2022,9,0,Brianna Brooks,9.824999999999999
2022,9,1,Eve Jackson,9.85
2022,9,0,Grace Rojas,9.25
2022,9,0,Jessica Gutierrez,9.800000000000001
2022,9,0,Maia Fishwick,9.85
2022,9,0,Rebecca Wells,9.85
2022,8,0,Brianna Brooks,9.85
2022,8,1,Eve Jackson,9.775
2022,8,0,Grace Rojas,9.75
2022,8,0,Jessica Gutierrez,9.725
2022,8,0,Maia Fishwick,9.65
2022,8,0,Rebecca Wells,9.85
2022,7,0,Brianna Brooks,9.9
2022,7,1,Eve Jackson,9.775
2022,7,0,Jessica Gutierrez,9.824999999999999
2022,7,0,Maia Fishwick,9.824999999999999
2022,7,0,Molly Arnold,9.824999999999999
2022,7,0,Rebecca Wells,9.824999999999999
2022,6,0,Brianna Brooks,9.85
2022,6,1,Eve Jackson,9.15
2022,6,0,Jessica Gutierrez,9.775
2022,6,0,Maia Fishwick,9.85
2022,6,0,Rebecca Wells,9.775
2022,6,0,Sofi Sullivan,9.6
2022,5,0,Brianna Brooks,9.85
2022,5,1,Eve Jackson,9.199999999999999
2022,5,0,Jessica Gutierrez,9.800000000000001
2022,5,0,Maia Fishwick,9.9
2022,5,0,Rebecca Wells,9.6
2022,5,0,Sofi Sullivan,9.85
2022,4,0,Brianna Brooks,9.9
2022,4,1,Eve Jackson,9.775
2022,4,0,Jessica Gutierrez,9.775
2022,4,0,Maia Fishwick,9.925000000000001
2022,4,0,Rebecca Wells,9.675000000000001
2022,4,0,Sofi Sullivan,9.125
2022,3,0,Brianna Brooks,9.875
2022,3,1,Eve Jackson,9.800000000000001
2022,3,0,Jessica Gutierrez,9.824999999999999
2022,3,0,Maia Fishwick,9
2022,3,0,Molly Arnold,8.699999999999999
2022,3,0,Rebecca Wells,9.725
2022,3,0,Sofi Sullivan,9.824999999999999
2022,2,0,Brianna Brooks,9.875
2022,2,1,Eve Jackson,9.9
2022,2,0,Jessica Gutierrez,9.775
2022,2,0,Lexi Aragon,8.9
2022,2,0,Molly Arnold,9.775
2022,2,0,Sofi Sullivan,9.85
2022,1,1,Amari Evans,9
2022,1,0,Brianna Brooks,9.85
2022,1,1,Eve Jackson,9.775
2022,1,0,Jessica Gutierrez,9.725
2022,1,0,Maia Fishwick,9.725
2022,1,0,Rebecca Wells,9.775
2021,11,0,Brianna Brooks,8.1
2021,11,0,Grace Rojas,9.824999999999999
2021,11,0,Jessica Gutierrez,9.800000000000001
2021,11,0,Leighton Varnadore,9.824999999999999
2021,11,0,Mikaela Meyer,9.800000000000001
2021,11,0,Rebecca Wells,9.775
2021,10,0,Brianna Brooks,9.775
2021,10,1,Eve Jackson,9.775
2021,10,0,Grace Rojas,9.85
2021,10,0,Jessica Gutierrez,9.75
2021,10,0,Leighton Varnadore,9.65
2021,10,0,Maia Fishwick,9.75
2021,9,0,Brianna Brooks,9.824999999999999
2021,9,1,Eve Jackson,9.800000000000001
2021,9,0,Grace Rojas,9.85
2021,9,0,Jessica Gutierrez,9.800000000000001
2021,9,0,Leighton Varnadore,9.725
2021,9,0,Maia Fishwick,8.449999999999999
2021,8,0,Brianna Brooks,9.824999999999999
2021,8,1,Eve Jackson,9.449999999999999
2021,8,0,Grace Rojas,9.800000000000001
2021,8,0,Jessica Gutierrez,9.800000000000001
2021,8,0,Leighton Varnadore,9.800000000000001
2021,8,0,Maia Fishwick,9.800000000000001
2021,7,0,Brianna Brooks,9.875
2021,7,1,Eve Jackson,9.675000000000001
2021,7,0,Grace Rojas,9.85
2021,7,0,Jessica Gutierrez,9.725
2021,7,0,Leighton Varnadore,9.725
2021,7,0,Maia Fishwick,9.85
2021,6,1,Eve Jackson,9.800000000000001
2021,6,0,Grace Rojas,9.775
2021,6,0,Leighton Varnadore,9.699999999999999
2021,6,0,Lexi Aragon,9.425000000000001
2021,6,0,Maia Fishwick,9.775
2021,6,0,Mikaela Meyer,9.525
2021,5,0,Brianna Brooks,9.85
2021,5,1,Eve Jackson,8.550000000000001
2021,5,0,Grace Rojas,9.800000000000001
2021,5,0,Jessica Gutierrez,9.125
2021,5,0,Leighton Varnadore,9.800000000000001
2021,5,0,Maia Fishwick,9.85
2021,4,0,Brianna Brooks,9.775
2021,4,1,Eve Jackson,9.775
2021,4,0,Grace Rojas,9.775
2021,4,0,Jessica Gutierrez,9.775
2021,4,0,Maia Fishwick,9.85
2021,4,0,Mikaela Meyer,8.65
2021,3,0,Brianna Brooks,9.75
2021,3,1,Eve Jackson,9.800000000000001
2021,3,0,Grace Rojas,9.725
2021,3,0,Jessica Gutierrez,9.75
2021,3,0,Maia Fishwick,9.15
2021,3,0,Mikaela Meyer,9.5
2021,2,0,Brianna Brooks,9.824999999999999
2021,2,1,Eve Jackson,9.85
2021,2,0,Grace Rojas,9.824999999999999
2021,2,0,Jessica Gutierrez,9.75
2021,2,0,Maia Fishwick,9.949999999999999
2021,2,0,Mikaela Meyer,9.775
2021,1,0,Brianna Brooks,9.775
2021,1,1,Eve Jackson,9.85
2021,1,0,Grace Rojas,9.824999999999999
2021,1,0,Jessica Gutierrez,9.725
2021,1,0,Leighton Varnadore,9.574999999999999
2021,1,0,Maia Fishwick,9.800000000000001
2020,9,0,Brittany Jeppesen,9.9
2020,9,0,Grace Rojas,9.85
2020,9,0,Jessica Gutierrez,9.725
2020,9,0,Leighton Varnadore,9.800000000000001
2020,9,0,Maia Fishwick,9.824999999999999
2020,9,0,Sofi Sullivan,9.9
2020,8,0,Brittany Jeppesen,9.75
2020,8,0,Grace Rojas,9.625
2020,8,0,Jessica Gutierrez,9.824999999999999
2020,8,0,Lexi Aragon,9.699999999999999
2020,8,0,Maia Fishwick,9.775
2020,8,0,Sofi Sullivan,9.725
2020,7,0,Brittany Jeppesen,9.824999999999999
2020,7,0,Grace Rojas,9.824999999999999
2020,7,0,Jessica Gutierrez,9.35
2020,7,0,Leighton Varnadore,9.699999999999999
2020,7,0,Maia Fishwick,9.675000000000001
2020,7,0,Sofi Sullivan,9.800000000000001
2020,6,0,Brittany Jeppesen,9.5
2020,6,0,Grace Rojas,9.824999999999999
2020,6,0,Jessica Gutierrez,9.800000000000001
2020,6,0,Leighton Varnadore,9.75
2020,6,0,Maia Fishwick,9.85
2020,6,0,Sofi Sullivan,9.875
2020,5,0,Brittany Jeppesen,9.85
2020,5,0,Grace Rojas,9.824999999999999
2020,5,0,Jessica Gutierrez,9.65
2020,5,0,Leighton Varnadore,9.699999999999999
2020,5,0,Maia Fishwick,9.1
2020,5,0,Sofi Sullivan,9.75
2020,4,0,Brittany Jeppesen,9.85
2020,4,0,Grace Rojas,9.824999999999999
2020,4,0,Leighton Varnadore,9.775
2020,4,0,Maia Fishwick,9.65
2020,4,0,Sofi Sullivan,9.85
2020,4,0,Tori Loomis,8.824999999999999
2020,3,0,Annie Beck,9.65
2020,3,0,Brittany Jeppesen,9.775
2020,3,0,Grace Rojas,9.800000000000001
2020,3,0,Leighton Varnadore,9.725
2020,3,0,Maia Fishwick,9.15
2020,3,0,Sofi Sullivan,9.775
2020,2,0,Brittany Jeppesen,9.775
2020,2,0,Grace Rojas,9.800000000000001
2020,2,0,Jessica Gutierrez,9.65
2020,2,0,Leighton Varnadore,9.699999999999999
2020,2,0,Maia Fishwick,9
2020,2,0,Sofi Sullivan,9.800000000000001
2020,1,0,Annie Beck,9.65
2020,1,0,Brittany Jeppesen,9.199999999999999
2020,1,0,Grace Rojas,9.824999999999999
2020,1,0,Leighton Varnadore,9.1
2020,1,0,Maia Fishwick,9.875
2020,1,0,Sofi Sullivan,8.925000000000001
2019,12,1,MaKayla Bullitt,9.65
2019,12,0,Madison Ward,9.725
2019,11,0,Annie Beck,9.725
2019,11,0,Leighton Varnadore,9.675000000000001
2019,11,0,Logan Varnadore,9.1
2019,11,1,MaKayla Bullitt,9.824999999999999
2019,11,0,Madi Tueller,9.699999999999999
2019,11,0,Madison Ward,9.85
2019,10,0,Annie Beck,9.699999999999999
2019,10,0,Grace Rojas,9.324999999999999
2019,10,0,Leighton Varnadore,9.699999999999999
2019,10,1,MaKayla Bullitt,9.824999999999999
2019,10,0,Madi Tueller,9.475
2019,10,0,Madison Ward,9.824999999999999
2019,9,0,Annie Beck,9.6
2019,9,0,Grace Rojas,9.85
2019,9,0,Leighton Varnadore,9.75
2019,9,1,MaKayla Bullitt,9.875
2019,9,0,Madi Tueller,9.725
2019,9,0,Madison Ward,9.85
2019,8,0,Annie Beck,9.824999999999999
2019,8,0,Grace Rojas,9.775
2019,8,0,Leighton Varnadore,9.800000000000001
2019,8,1,MaKayla Bullitt,9.85
2019,8,0,Madi Tueller,9.699999999999999
2019,8,0,Madison Ward,9.85
2019,7,0,Annie Beck,9.800000000000001
2019,7,0,Leighton Varnadore,9.775
2019,7,0,Logan Varnadore,9.574999999999999
2019,7,1,MaKayla Bullitt,9.824999999999999
2019,7,0,Madi Tueller,9.625
2019,7,0,Madison Ward,9.725
2019,6,0,Annie Beck,9.199999999999999
2019,6,0,Grace Rojas,9.75
2019,6,0,Leighton Varnadore,9.75
2019,6,0,Logan Varnadore,9.75
2019,6,1,MaKayla Bullitt,9.800000000000001
2019,6,0,Madison Ward,9.85
2019,5,0,Annie Beck,9.699999999999999
2019,5,0,Grace Rojas,9.675000000000001
2019,5,0,Leighton Varnadore,9.699999999999999
2019,5,0,Logan Varnadore,9.775
2019,5,1,MaKayla Bullitt,2
2019,5,0,Madison Ward,9.800000000000001
2019,4,0,Grace Rojas,9.824999999999999
2019,4,0,Leighton Varnadore,9.699999999999999
2019,4,0,Logan Varnadore,9.1
2019,4,1,MaKayla Bullitt,9.85
2019,4,0,Madison Ward,9.75
2019,4,0,Maya Perez-Lugones,9.725
2019,3,0,Annie Beck,9.75
2019,3,0,Grace Rojas,9.775
2019,3,0,Leighton Varnadore,9.75
2019,3,1,MaKayla Bullitt,9.875
2019,3,0,Madison Ward,9.699999999999999
2019,3,0,Maya Perez-Lugones,8.800000000000001
2019,2,0,Annie Beck,9.625
2019,2,0,Grace Rojas,9.725
2019,2,0,Leighton Varnadore,9.699999999999999
2019,2,1,MaKayla Bullitt,9.625
2019,2,0,Madi Tueller,8.25
2019,2,0,Madison Ward,9.75
2019,1,0,Annie Beck,9.6
2019,1,0,Grace Rojas,9.25
2019,1,0,Leighton Varnadore,9.725
2019,1,1,MaKayla Bullitt,9.775
2019,1,0,Madi Tueller,9.6
2019,1,0,Madison Ward,9.824999999999999
2018,13,0,Brittany Jeppesen,9.85
2018,12,0,Annie Beck,9.574999999999999
2018,12,0,Brittany Jeppesen,9.775
2018,12,0,Leighton Varnadore,9.75
2018,12,1,MaKayla Bullitt,9.775
2018,12,0,Madison Ward,9.725
2018,12,0,Mikaela Meyer,4.35
2018,11,0,Brittany Jeppesen,9.1
2018,11,1,Jazmyn Estrella,9.925000000000001
2018,11,0,Leighton Varnadore,9.75
2018,11,1,MaKayla Bullitt,9.800000000000001
2018,11,0,Madison Ward,9.875
2018,11,0,Mikaela Meyer,9.65
2018,10,0,Brittany Jeppesen,9.824999999999999
2018,10,1,Jazmyn Estrella,9.699999999999999
2018,10,0,Leighton Varnadore,9.699999999999999
2018,10,1,MaKayla Bullitt,9.15
2018,10,0,Madison Ward,9.85
2018,10,0,Mikaela Meyer,9.5
2018,9,0,Brittany Jeppesen,9.800000000000001
2018,9,1,Jazmyn Estrella,9.875
2018,9,0,Leighton Varnadore,9.725
2018,9,1,MaKayla Bullitt,9.75
2018,9,0,Madison Ward,9.775
2018,9,0,Mikaela Meyer,9.449999999999999
2018,8,0,Annie Beck,9.35
2018,8,0,Brittany Jeppesen,9.800000000000001
2018,8,0,Leighton Varnadore,9.699999999999999
2018,8,1,MaKayla Bullitt,9.699999999999999
2018,8,0,Madison Ward,9.75
2018,8,0,Mikaela Meyer,9.475
2018,7,0,Brittany Jeppesen,9.85
2018,7,0,Leighton Varnadore,9.775
2018,7,1,MaKayla Bullitt,9.800000000000001
2018,7,0,Madison Ward,8.85
2018,7,0,Mikaela Meyer,9.6
2018,6,0,Brittany Jeppesen,9.725
2018,6,0,Leighton Varnadore,9.75
2018,6,1,MaKayla Bullitt,9.75
2018,6,0,Madison Ward,9.824999999999999
2018,6,0,Mikaela Meyer,9.65
2018,5,0,Brittany Jeppesen,9.75
2018,5,1,Jazmyn Estrella,8.050000000000001
2018,5,0,Leighton Varnadore,9.800000000000001
2018,5,1,MaKayla Bullitt,9.675000000000001
2018,5,0,Madison Ward,9.725
2018,5,0,Mikaela Meyer,9.35
2018,4,0,Brittany Jeppesen,9.675000000000001
2018,4,1,Jazmyn Estrella,9.824999999999999
2018,4,0,Leighton Varnadore,9.800000000000001
2018,4,1,MaKayla Bullitt,9.75
2018,4,0,Madison Ward,9.725
2018,3,0,Brittany Jeppesen,9.85
2018,3,1,Jazmyn Estrella,9.85
2018,3,0,Leighton Varnadore,9.699999999999999
2018,3,0,Logan Varnadore,8.800000000000001
2018,3,1,MaKayla Bullitt,9.675000000000001
2018,3,0,Madison Ward,9.35
2018,2,0,Brittany Jeppesen,9.25
2018,2,1,Jazmyn Estrella,9.725
2018,2,0,Keri Peel,9.824999999999999
2018,2,0,Leighton Varnadore,9.699999999999999
2018,2,0,Logan Varnadore,9.800000000000001
2018,2,0,Madison Ward,9.824999999999999
2018,1,0,Brittany Jeppesen,9.75
2018,1,1,Jazmyn Estrella,9.800000000000001
2018,1,0,Keri Peel,8.800000000000001
2018,1,0,Leighton Varnadore,9.75
2018,1,0,Logan Varnadore,8.85
2018,1,0,Madison Ward,8
2017,14,0,Bailey McIntire,9.800000000000001
2017,14,0,Brittany Jeppesen,9.699999999999999
2017,14,1,Jazmyn Estrella,9.725
2017,14,0,Keri Peel,9.75
2017,14,0,Madison Ward,9.75
2017,14,0,Melanie Oster,7.3
2017,13,0,Bailey McIntire,9
2017,13,0,Brittany Jeppesen,9.824999999999999
2017,13,1,Jazmyn Estrella,9.775
2017,13,0,Keri Peel,9.875
2017,13,0,Madison Ward,9.75
2017,13,0,Melanie Oster,9.775
2017,12,0,Bailey McIntire,9.824999999999999
2017,12,0,Brittany Jeppesen,9.875
2017,12,1,Jazmyn Estrella,9.550000000000001
2017,12,0,Keri Peel,9.824999999999999
2017,12,0,Madison Ward,9.875
2017,12,0,Melanie Oster,9.875
2017,11,0,Bailey McIntire,9.625
2017,11,0,Brittany Jeppesen,9.75
2017,11,1,Jazmyn Estrella,9.85
2017,11,0,Keri Peel,9.875
2017,11,0,Madison Ward,9.725
2017,11,0,Melanie Oster,9.75
2017,10,0,Bailey McIntire,9.800000000000001
2017,10,0,Brittany Jeppesen,9.775
2017,10,1,Jazmyn Estrella,9.824999999999999
2017,10,0,Keri Peel,9.85
2017,10,0,Madison Ward,9.775
2017,10,0,Melanie Oster,9.775
2017,9,0,Bailey McIntire,9.85
2017,9,0,Brittany Jeppesen,9.775
2017,9,1,Jazmyn Estrella,9.85
2017,9,0,Keri Peel,9.800000000000001
2017,9,0,Madison Ward,9.824999999999999
2017,9,0,Melanie Oster,9.800000000000001
2017,8,0,Bailey McIntire,9.775
2017,8,0,Brittany Jeppesen,9.875
2017,8,0,Keri Peel,9.800000000000001
2017,8,0,Madison Ward,9.800000000000001
2017,8,0,Melanie Oster,9.800000000000001
2017,8,0,Miranda Hone,9.675000000000001
2017,7,0,Bailey McIntire,9.699999999999999
2017,7,0,Brittany Jeppesen,9.85
2017,7,0,Keri Peel,9.875
2017,7,0,Madison Ward,9.800000000000001
2017,7,0,Melanie Oster,9.699999999999999
2017,7,0,Miranda Hone,9.725
2017,6,0,Bailey McIntire,9.824999999999999
2017,6,0,Brittany Jeppesen,9.875
2017,6,0,Keri Peel,9.824999999999999
2017,6,0,Madison Ward,9.85
2017,6,0,Melanie Oster,9.675000000000001
2017,6,0,Miranda Hone,9.824999999999999
2017,5,0,Bailey McIntire,9.824999999999999
2017,5,0,Brittany Jeppesen,9.800000000000001
2017,5,1,Jazmyn Estrella,8.949999999999999
2017,5,0,Keri Peel,9.875
2017,5,0,Madison Ward,9.775
2017,5,0,Miranda Hone,9.75
2017,4,0,Bailey McIntire,9.725
2017,4,0,Brittany Jeppesen,9.824999999999999
2017,4,1,Jazmyn Estrella,9.800000000000001
2017,4,0,Madison Ward,9.75
2017,4,0,Melanie Oster,9.675000000000001
2017,4,0,Miranda Hone,9.675000000000001
2017,3,0,Bailey McIntire,9.800000000000001
2017,3,1,Jazmyn Estrella,9.675000000000001
2017,3,0,Keri Peel,9.800000000000001
2017,3,0,Madison Ward,9.824999999999999
2017,3,0,Melanie Oster,9.775
2017,3,0,Miranda Hone,9.75
2017,2,0,Bailey McIntire,9.824999999999999
2017,2,1,Jazmyn Estrella,9.625
2017,2,0,Keri Peel,9.375
2017,2,0,Madison Ward,9.699999999999999
2017,2,0,Melanie Oster,9.725
2017,2,0,Miranda Hone,9.775
2017,1,0,Bailey McIntire,9.65
2017,1,0,Brittany Jeppesen,9.300000000000001
2017,1,1,Jazmyn Estrella,9.199999999999999
2017,1,0,Keri Peel,9.75
2017,1,0,Madison Ward,9.5
2017,1,0,Miranda Hone,9.6
2019,15,0,Hunter Dula,9.8375
2019,15,0,Kari Lee,9.7875
2019,15,0,Kim Tessen,9.8375
2019,15,0,MaKenna Merrell-Giles,9.875
2019,15,0,Missy Reinstadtler,9.862500000000001
2019,15,0,MyKayla Skinner,9.9125
2019,14,0,Hunter Dula,9.75
2019,14,0,Kari Lee,9.775
2019,14,0,Kim Tessen,9.800000000000001
2019,14,0,MaKenna Merrell-Giles,9.9
2019,14,0,Missy Reinstadtler,9.875
2019,14,0,MyKayla Skinner,9.175000000000001
2019,13,0,Hunter Dula,9.85
2019,13,0,Kari Lee,9.75
2019,13,0,Kim Tessen,9.85
2019,13,0,MaKenna Merrell-Giles,9.824999999999999
2019,13,0,Missy Reinstadtler,9.9
2019,13,0,MyKayla Skinner,9.9
2019,12,0,Hunter Dula,9.9
2019,12,0,Kari Lee,9.85
2019,12,0,Kim Tessen,9.925000000000001
2019,12,0,MaKenna Merrell-Giles,9.9
2019,12,0,Missy Reinstadtler,9.9
2019,12,0,MyKayla Skinner,9.949999999999999
2019,11,0,Hunter Dula,9.824999999999999
2019,11,0,Kari Lee,9.775
2019,11,0,Kim Tessen,9.85
2019,11,0,MaKenna Merrell-Giles,9.9
2019,11,0,Missy Reinstadtler,9.85
2019,11,0,MyKayla Skinner,9.9
2019,10,0,Kari Lee,9.800000000000001
2019,10,0,Kim Tessen,9.875
2019,10,0,MaKenna Merrell-Giles,9.925000000000001
2019,10,0,Missy Reinstadtler,9.925000000000001
2019,10,0,MyKayla Skinner,9.925000000000001
2019,9,0,Alexia Burch,9.875
2019,9,0,Hunter Dula,9.85
2019,9,0,Kari Lee,9.824999999999999
2019,9,0,Kim Tessen,9.875
2019,9,0,MaKenna Merrell-Giles,9.875
2019,9,0,Missy Reinstadtler,9.85
2019,9,0,MyKayla Skinner,9.949999999999999
2019,8,0,Hunter Dula,9.85
2019,8,0,Kari Lee,9.824999999999999
2019,8,0,Kim Tessen,9.824999999999999
2019,8,0,MaKenna Merrell-Giles,9.875
2019,8,0,Missy Reinstadtler,9.875
2019,8,0,MyKayla Skinner,9.949999999999999
2019,7,0,Hunter Dula,9.85
2019,7,0,Kari Lee,9.75
2019,7,0,Kim Tessen,9.775
2019,7,0,MaKenna Merrell-Giles,9.85
2019,7,0,Missy Reinstadtler,9.925000000000001
2019,7,0,MyKayla Skinner,9.875
2019,6,0,Hunter Dula,9.800000000000001
2019,6,0,Kari Lee,9.725
2019,6,0,Kim Tessen,9.85
2019,6,0,MaKenna Merrell-Giles,9.85
2019,6,0,Missy Reinstadtler,9.824999999999999
2019,6,0,MyKayla Skinner,9.85
2019,5,0,Hunter Dula,9.800000000000001
2019,5,0,Kari Lee,9.800000000000001
2019,5,0,Kim Tessen,9.875
2019,5,0,MaKenna Merrell-Giles,9.9
2019,5,0,Missy Reinstadtler,9.824999999999999
2019,5,0,MyKayla Skinner,9.9
2019,4,0,Cristal Isa,9.875
2019,4,0,Hunter Dula,9.75
2019,4,0,Kim Tessen,9.824999999999999
2019,4,0,MaKenna Merrell-Giles,9.9
2019,4,0,Missy Reinstadtler,9.949999999999999
2019,4,0,MyKayla Skinner,9.949999999999999
2019,3,0,Cristal Isa,9.85
2019,3,0,Hunter Dula,9.75
2019,3,0,Kim Tessen,9.800000000000001
2019,3,0,MaKenna Merrell-Giles,9.75
2019,3,0,Missy Reinstadtler,9.85
2019,3,0,MyKayla Skinner,9.925000000000001
2019,2,0,Cristal Isa,9.85
2019,2,0,Hunter Dula,9.75
2019,2,0,Kim Tessen,9.1
2019,2,0,MaKenna Merrell-Giles,9.824999999999999
2019,2,0,Missy Reinstadtler,9.85
2019,2,0,MyKayla Skinner,9.875
2019,1,0,Cristal Isa,9.925000000000001
2019,1,0,Kari Lee,9.824999999999999
2019,1,0,Kim Tessen,9.85
2019,1,0,MaKenna Merrell-Giles,9.85
2019,1,0,Missy Reinstadtler,9.85
2019,1,0,MyKayla Skinner,9.949999999999999
2017,14,0,Baely Rowe,9.9
2017,14,0,Kari Lee,9.699999999999999
2017,14,0,MaKenna Merrell-Giles,9.875
2017,14,0,Missy Reinstadtler,9.8375
2017,14,0,MyKayla Skinner,9.85
2017,14,0,Tiffani Lewis,9.85
2017,13,0,Baely Rowe,9.8375
2017,13,0,Kari Lee,9.6625
2017,13,0,MaKenna Merrell-Giles,9.8125
2017,13,0,Missy Reinstadtler,9.775
2017,13,0,MyKayla Skinner,9.8375
2017,13,0,Tiffani Lewis,9.824999999999999
2017,12,0,Baely Rowe,9.85
2017,12,0,MaKenna Merrell-Giles,9.775
2017,12,0,Missy Reinstadtler,9.800000000000001
2017,12,0,MyKayla Skinner,9.875
2017,12,0,Tiffani Lewis,9.85
2017,11,0,Baely Rowe,9.875
2017,11,0,Kari Lee,9.9
2017,11,0,MaKenna Merrell-Giles,9.85
2017,11,0,Missy Reinstadtler,9.9
2017,11,0,MyKayla Skinner,9.875
2017,11,0,Tiffani Lewis,9.875
2017,10,0,Baely Rowe,9.775
2017,10,0,Kari Lee,9.824999999999999
2017,10,0,MaKenna Merrell-Giles,9.074999999999999
2017,10,0,Missy Reinstadtler,9.800000000000001
2017,10,0,MyKayla Skinner,9.824999999999999
2017,10,0,Tiffani Lewis,9.800000000000001
2017,9,0,Baely Rowe,9.9
2017,9,0,Kari Lee,9.775
2017,9,0,MaKenna Merrell-Giles,9.775
2017,9,0,Missy Reinstadtler,9.85
2017,9,0,MyKayla Skinner,9.949999999999999
2017,9,0,Tiffani Lewis,9.824999999999999
2017,8,0,Baely Rowe,9.800000000000001
2017,8,0,Kari Lee,9.975
2017,8,0,MaKenna Merrell-Giles,9.875
2017,8,0,Missy Reinstadtler,9.875
2017,8,0,MyKayla Skinner,9.949999999999999
2017,8,0,Tiffani Lewis,9.949999999999999
2017,7,0,Baely Rowe,9.925000000000001
2017,7,0,Kari Lee,9.775
2017,7,0,MaKenna Merrell-Giles,9.824999999999999
2017,7,0,Missy Reinstadtler,9.824999999999999
2017,7,0,MyKayla Skinner,9.925000000000001
2017,7,0,Tiffani Lewis,9.9
2017,6,0,Baely Rowe,9.775
2017,6,0,Kari Lee,9.800000000000001
2017,6,0,MaKenna Merrell-Giles,9.6
2017,6,0,Missy Reinstadtler,9.800000000000001
2017,6,0,MyKayla Skinner,9.824999999999999
2017,6,0,Tiffani Lewis,9.775
2017,5,0,Baely Rowe,9.275
2017,5,0,Kari Lee,8.9
2017,5,0,MaKenna Merrell-Giles,9.75
2017,5,0,Missy Reinstadtler,9.75
2017,5,0,MyKayla Skinner,9.800000000000001
2017,5,0,Tiffani Lewis,9.85
2017,4,0,Baely Rowe,9.925000000000001
2017,4,0,Kari Lee,9.85
2017,4,0,MaKenna Merrell-Giles,9.824999999999999
2017,4,0,Missy Reinstadtler,9.85
2017,4,0,MyKayla Skinner,9.85
2017,4,0,Tiffani Lewis,9.9
2017,3,0,Baely Rowe,9.949999999999999
2017,3,0,Kari Lee,9.85
2017,3,0,Kim Tessen,9.85
2017,3,0,MaKenna Merrell-Giles,9.824999999999999
2017,3,0,MyKayla Skinner,9.9
2017,3,0,Tiffani Lewis,9.699999999999999
2017,2,0,Baely Rowe,9.800000000000001
2017,2,0,Kim Tessen,9.775
2017,2,0,MaKenna Merrell-Giles,9.75
2017,2,0,MyKayla Skinner,9.875
2017,2,0,Sabrina Schwab,9.824999999999999
2017,2,0,Tiffani Lewis,9.85
2017,1,0,Baely Rowe,9.824999999999999
2017,1,0,Kim Tessen,9.800000000000001
2017,1,0,MaKenna Merrell-Giles,9.85
2017,1,0,MyKayla Skinner,9.9
2017,1,0,Sabrina Schwab,9.824999999999999
2017,1,0,Tiffani Lewis,9.875
2020,10,0,Felicia Hano,9.85
2020,10,0,Kyla Ross,9.975
2020,10,0,Madison Kocian,9.875
2020,10,1,Margzetta Frazier,9.9
2020,10,0,Norah Flatley,9.85
2020,10,0,Savannah Kooyman,9.675000000000001
2020,9,0,Felicia Hano,9.875
2020,9,0,Kalyany Steele,9.85
2020,9,0,Kyla Ross,9.975
2020,9,0,Nicki Shapiro,9.775
2020,9,0,Norah Flatley,9.85
2020,9,0,Savannah Kooyman,9.324999999999999
2020,8,0,Felicia Hano,9.25
2020,8,0,Kalyany Steele,9.925000000000001
2020,8,0,Kyla Ross,9.925000000000001
2020,8,0,Madison Kocian,9.75
2020,8,0,Norah Flatley,9.824999999999999
2020,8,0,Savannah Kooyman,9.9
2020,7,0,Felicia Hano,9.824999999999999
2020,7,0,Kalyany Steele,9.85
2020,7,0,Kyla Ross,9.949999999999999
2020,7,0,Madison Kocian,9.775
2020,7,0,Norah Flatley,9.75
2020,7,0,Savannah Kooyman,9.800000000000001
2020,6,0,Felicia Hano,9.824999999999999
2020,6,0,Kalyany Steele,9.85
2020,6,0,Kyla Ross,9.975
2020,6,0,Madison Kocian,9.925000000000001
2020,6,1,Margzetta Frazier,9.9
2020,6,0,Savannah Kooyman,9.800000000000001
2020,5,0,Felicia Hano,9.824999999999999
2020,5,0,Kyla Ross,9.925000000000001
2020,5,0,Madison Kocian,9.9
2020,5,1,Margzetta Frazier,9.925000000000001
2020,5,0,Norah Flatley,9.85
2020,5,0,Savannah Kooyman,9.824999999999999
2020,4,0,Felicia Hano,9.85
2020,4,0,Kyla Ross,9.949999999999999
2020,4,0,Madison Kocian,9.9
2020,4,1,Margzetta Frazier,9.9
2020,4,0,Norah Flatley,9.85
2020,4,0,Savannah Kooyman,9.775
2020,3,0,Felicia Hano,9.85
2020,3,0,Kyla Ross,10
2020,3,0,Madison Kocian,9.949999999999999
2020,3,1,Margzetta Frazier,9.9
2020,3,0,Norah Flatley,9.824999999999999
2020,3,0,Savannah Kooyman,9.625
2020,2,0,Felicia Hano,9.824999999999999
2020,2,0,Kalyany Steele,8.949999999999999
2020,2,0,Kyla Ross,10
2020,2,1,Margzetta Frazier,9.949999999999999
2020,2,0,Norah Flatley,9.800000000000001
2020,2,0,Savannah Kooyman,9.800000000000001
2020,1,0,Felicia Hano,9.85
2020,1,0,Kalyany Steele,9.800000000000001
2020,1,0,Kyla Ross,9.925000000000001
2020,1,1,Margzetta Frazier,9.949999999999999
2020,1,0,Norah Flatley,9.875
2020,1,0,Savannah Kooyman,9.824999999999999
2018,14,0,Emi Watterson,9.8375
2018,14,1,Kyana George,9.887499999999999
2018,14,0,Nina Schank,9.824999999999999
2018,14,0,Sofie Seilnacht,9.85
2018,14,1,Toni-Ann Williams,9.887499999999999
2018,14,0,Yuleen Sternberg,9.8125
2018,13,0,Emi Watterson,9.824999999999999
2018,13,1,Kyana George,9.800000000000001
2018,13,0,Nina Schank,9.85
2018,13,0,Sofie Seilnacht,8.9
2018,13,1,Toni-Ann Williams,9.800000000000001
2018,13,0,Yuleen Sternberg,9.75
2018,12,0,Alma Kuc,9.199999999999999
2018,12,0,Emi Watterson,9.875
2018,12,1,Kyana George,9.85
2018,12,0,Nina Schank,9.85
2018,12,1,Toni-Ann Williams,9.85
2018,12,0,Yuleen Sternberg,9.75
2018,11,0,Alma Kuc,9.824999999999999
2018,11,0,Emi Watterson,9.85
2018,11,1,Kyana George,9.824999999999999
2018,11,0,Nina Schank,9.9
2018,11,0,Sofie Seilnacht,8.9
2018,11,0,Yuleen Sternberg,9.800000000000001
2018,10,0,Emi Watterson,9.800000000000001
2018,10,1,Kyana George,9.85
2018,10,0,Nina Schank,9
2018,10,0,Sofie Seilnacht,9.875
2018,10,1,Toni-Ann Williams,9.824999999999999
2018,10,0,Yuleen Sternberg,9.800000000000001
2018,9,0,Alma Kuc,9.824999999999999
2018,9,1,Kyana George,9.85
2018,9,0,Nina Schank,9.925000000000001
2018,9,0,Sofie Seilnacht,8.949999999999999
2018,9,1,Toni-Ann Williams,9.925000000000001
2018,9,0,Yuleen Sternberg,9.85
2018,8,0,Alma Kuc,9.925000000000001
2018,8,1,Kyana George,9.9
2018,8,0,Nina Schank,9.925000000000001
2018,8,0,Sofie Seilnacht,9.875
2018,8,1,Toni-Ann Williams,9.925000000000001
2018,8,0,Yuleen Sternberg,9.875
2018,7,0,Alma Kuc,9.699999999999999
2018,7,1,Kyana George,9.85
2018,7,0,Nina Schank,9.875
2018,7,0,Sofie Seilnacht,8.824999999999999
2018,7,1,Toni-Ann Williams,9.85
2018,7,0,Yuleen Sternberg,9.85
2018,6,0,Alma Kuc,9.9
2018,6,1,Kyana George,9.824999999999999
2018,6,0,Nina Schank,9.824999999999999
2018,6,0,Sofie Seilnacht,9.85
2018,6,1,Toni-Ann Williams,9.85
2018,6,0,Yuleen Sternberg,9.824999999999999
2018,5,0,Alma Kuc,9.699999999999999
2018,5,1,Kyana George,9.65
2018,5,0,Nina Schank,9.85
2018,5,0,Sofie Seilnacht,9.775
2018,5,1,Toni-Ann Williams,9.6
2018,5,0,Yuleen Sternberg,9.725
2018,4,0,Alma Kuc,9.275
2018,4,1,Kyana George,8.949999999999999
2018,4,0,Nina Schank,9.9
2018,4,0,Sofie Seilnacht,9.800000000000001
2018,4,1,Toni-Ann Williams,9.85
2018,4,0,Yuleen Sternberg,9.800000000000001
2018,3,0,Chelsea Shu,9.175000000000001
2018,3,1,Kyana George,9.074999999999999
2018,3,0,Nina Schank,9.925000000000001
2018,3,0,Sofie Seilnacht,9.85
2018,3,1,Toni-Ann Williams,9.800000000000001
2018,3,0,Yuleen Sternberg,9.15
2018,2,0,Alma Kuc,9.85
2018,2,0,Chelsea Shu,9.675000000000001
2018,2,1,Kyana George,9.125
2018,2,0,Nina Schank,9.199999999999999
2018,2,1,Toni-Ann Williams,9.75
2018,2,0,Yuleen Sternberg,9.449999999999999
2018,1,0,Alma Kuc,9.875
2018,1,0,Chelsea Shu,9.824999999999999
2018,1,1,Kyana George,9.9
2018,1,0,Nina Schank,9.875
2018,1,1,Toni-Ann Williams,9.25
2018,1,0,Yuleen Sternberg,8.550000000000001
2018,16,0,Bria Northrop,9.775
2018,16,0,Schyler Jones,9.85
2018,15,0,Abigail Versemann,9.699999999999999
2018,15,0,Alyssa Kelly,9.824999999999999
2018,15,0,Bria Northrop,9.9
2018,15,0,Hunter Vincent,9.824999999999999
2018,15,0,Morgan Colee,9.525
2018,15,0,Schyler Jones,9.775
2018,14,0,Abigail Versemann,9.699999999999999
2018,14,0,Alyssa Kelly,9
2018,14,0,Bria Northrop,9.85
2018,14,0,Hunter Vincent,9.324999999999999
2018,14,0,Morgan Colee,9.75
2018,14,0,Schyler Jones,9.9
2018,12,0,Alyssa Kelly,9.824999999999999
2018,12,0,Brandi Lazarus,8.324999999999999
2018,12,0,Bria Northrop,9.75
2018,12,0,Hunter Vincent,9.725
2018,12,0,Morgan Colee,9.625
2018,12,0,Schyler Jones,9.6
2018,11,0,Abigail Versemann,9.15
2018,11,0,Alyssa Kelly,9.775
2018,11,0,Brandi Lazarus,9.574999999999999
2018,11,0,Bria Northrop,9.824999999999999
2018,11,0,Hunter Vincent,9.775
2018,11,0,Schyler Jones,9.800000000000001
2018,10,0,Abigail Versemann,9.449999999999999
2018,10,0,Alyssa Kelly,9.800000000000001
2018,10,0,Bria Northrop,9.75
2018,10,0,Hunter Vincent,9.775
2018,10,0,Morgan Colee,9.75
2018,10,0,Schyler Jones,9.675000000000001
2018,9,0,Alyssa Kelly,9.824999999999999
2018,9,0,Brandi Lazarus,7.85
2018,9,0,Bria Northrop,9.85
2018,9,0,Hunter Vincent,9.775
2018,9,0,Morgan Colee,9.775
2018,9,0,Schyler Jones,9.725
2018,8,0,Abigail Versemann,9.625
2018,8,0,Alyssa Kelly,9.824999999999999
2018,8,0,Brandi Lazarus,9.65
2018,8,0,Bria Northrop,9.875
2018,8,0,Hunter Vincent,9.800000000000001
2018,8,0,Morgan Colee,9.550000000000001
2018,7,0,Alyssa Kelly,9.699999999999999
2018,7,0,Brandi Lazarus,9.6
2018,7,0,Bria Northrop,9.75
2018,7,0,Hunter Vincent,9.725
2018,7,0,Morgan Colee,9.75
2018,7,0,Schyler Jones,9.25
2018,6,0,Alyssa Kelly,9.75
2018,6,0,Brandi Lazarus,9.75
2018,6,0,Bria Northrop,9.875
2018,6,0,Hunter Vincent,9.75
2018,6,0,Morgan Colee,9.699999999999999
2018,6,0,Schyler Jones,9.375
2018,5,0,Abigail Versemann,9.35
2018,5,0,Alyssa Kelly,9.675000000000001
2018,5,0,Bria Northrop,9.800000000000001
2018,5,0,Hunter Vincent,9.025
2018,5,0,Morgan Colee,9.6
2018,5,0,Schyler Jones,9.699999999999999
2018,4,0,Abigail Versemann,9.35
2018,4,0,Alyssa Kelly,9.775
2018,4,0,Bria Northrop,9.85
2018,4,0,Hunter Vincent,9.75
2018,4,0,Megan Gentry,9.525
2018,4,0,Morgan Colee,9.625
2018,3,0,Abigail Versemann,8.875
2018,3,0,Alyssa Kelly,7.275
2018,3,0,Bria Northrop,9.6
2018,3,0,Megan Gentry,9.525
2018,3,0,Morgan Colee,9.574999999999999
2018,3,0,Schyler Jones,9.1
2018,2,0,Abigail Versemann,9.4
2018,2,0,Alyssa Kelly,9.800000000000001
2018,2,0,Bria Northrop,9.65
2018,2,0,Morgan Colee,9.65
2018,2,0,Schyler Jones,8.949999999999999
2018,2,0,Taylor Vincent,8
2018,1,0,Abigail Versemann,9.625
2018,1,0,Alyssa Kelly,9.574999999999999
2018,1,0,Bria Northrop,9.675000000000001
2018,1,0,Hunter Vincent,9.050000000000001
2018,1,0,Morgan Colee,9.675000000000001
2018,1,0,Schyler Jones,9.525
2020,10,0,Amber Koeth,9.4
2020,10,0,Bella Lahmidi,9.725
2020,10,0,Courtnee Marquez,8.875
2020,10,1,Jordyn Brent,9.775
2020,10,0,Shaye Mathias,9.574999999999999
2020,10,0,Taylor Weber,9.775
2020,9,0,Amber Koeth,9.625
2020,9,0,Bella Lahmidi,9.550000000000001
2020,9,0,Courtnee Marquez,9.75
2020,9,1,Destiny Watley,9.65
2020,9,1,Jordyn Brent,9.85
2020,9,0,Shaye Mathias,9.625
2020,8,0,Bella Lahmidi,9.050000000000001
2020,8,0,Courtnee Marquez,9.6
2020,8,1,Destiny Watley,9.525
2020,8,1,Jordyn Brent,9.6
2020,8,0,Shaye Mathias,9.525
2020,8,0,Taylor Weber,9.25
2020,7,0,Bella Lahmidi,9.75
2020,7,0,Courtnee Marquez,9.800000000000001
2020,7,1,Destiny Watley,9.65
2020,7,1,Jordyn Brent,9.699999999999999
2020,7,0,Shaye Mathias,9.65
2020,7,0,Taylor Weber,9.75
2020,6,0,Bella Lahmidi,9.25
2020,6,0,Courtnee Marquez,9.625
2020,6,1,Destiny Watley,9.525
2020,6,1,Jordyn Brent,9.699999999999999
2020,6,0,Shaye Mathias,8.699999999999999
2020,6,0,Taylor Weber,9.775
2020,5,0,Alexis Belkoff,5.8
2020,5,0,Bella Lahmidi,9.65
2020,5,1,Destiny Watley,9.625
2020,5,1,Jordyn Brent,9.775
2020,5,0,Shaye Mathias,9.65
2020,5,0,Taylor Weber,9.775
2020,4,0,Alexis Belkoff,9.4
2020,4,0,Amber Koeth,9.4
2020,4,0,Bella Lahmidi,9.725
2020,4,1,Destiny Watley,9.525
2020,4,1,Jordyn Brent,9.75
2020,4,0,Taylor Weber,9.800000000000001
2020,3,0,Alexis Belkoff,8.9
2020,3,0,Amber Koeth,9.5
2020,3,0,Bella Lahmidi,9.65
2020,3,1,Destiny Watley,9.525
2020,3,1,Jordyn Brent,9.6
2020,3,0,Taylor Weber,9.75
2020,2,0,Alexis Belkoff,8.85
2020,2,0,Amber Koeth,9.525
2020,2,0,Bella Lahmidi,9.525
2020,2,1,Destiny Watley,9.574999999999999
2020,2,1,Jordyn Brent,9.675000000000001
2020,2,0,Taylor Weber,9.574999999999999
2020,1,0,Alexis Belkoff,9.5
2020,1,0,Bella Lahmidi,9.725
2020,1,0,Courtnee Marquez,8.725
2020,1,1,Destiny Watley,9.525
2020,1,1,Jordyn Brent,9.699999999999999
2020,1,0,Taylor Weber,9.775
2022,10,0,Aubri Schwartze,9.824999999999999
2022,10,0,Hannah Nipp,9.824999999999999
2022,10,1,Karley McClain,9.824999999999999
2022,10,0,Mayson Bentley,9.25
2022,10,1,Nikki Thomas,9.800000000000001
2022,10,0,Shylen Murakami,9.925000000000001
2022,9,0,Aubri Schwartze,9.875
2022,9,0,Caitlin Kho,9.75
2022,9,0,Hannah Nipp,9.125
2022,9,0,Mayson Bentley,8.775
2022,9,1,Nikki Thomas,9.725
2022,9,0,Shylen Murakami,9.875
2022,8,0,Aubri Schwartze,9.875
2022,8,0,Hannah Nipp,9.824999999999999
2022,8,1,Karley McClain,9.925000000000001
2022,8,0,Mayson Bentley,9.775
2022,8,1,Nikki Thomas,9.875
2022,8,0,Shylen Murakami,9.875
2022,7,0,Aubri Schwartze,9.800000000000001
2022,7,0,Hannah Nipp,9.925000000000001
2022,7,1,Karley McClain,9.85
2022,7,0,Mayson Bentley,9.925000000000001
2022,7,1,Nikki Thomas,9.85
2022,7,0,Shylen Murakami,9.9
2022,6,0,Aubri Schwartze,9.85
2022,6,0,Hannah Nipp,9.85
2022,6,1,Karley McClain,9.800000000000001
2022,6,0,Mayson Bentley,9.824999999999999
2022,6,1,Nikki Thomas,9.824999999999999
2022,6,0,Shylen Murakami,9.975
2022,5,0,Aubri Schwartze,9.775
2022,5,0,Caitlin Kho,9.725
2022,5,0,Hannah Nipp,9.800000000000001
2022,5,1,Karley McClain,9.625
2022,5,0,Mayson Bentley,9.75
2022,5,0,Shylen Murakami,9.800000000000001
2022,4,0,Aubri Schwartze,9
2022,4,0,Hannah Nipp,9.800000000000001
2022,4,0,Kaitlin Kho,9.675000000000001
2022,4,1,Karley McClain,9.824999999999999
2022,4,0,Mayson Bentley,9.775
2022,4,0,Shylen Murakami,9.875
2022,3,0,Caitlin Kho,9.75
2022,3,0,Hannah Nipp,9.824999999999999
2022,3,0,Mayson Bentley,9.75
2022,3,1,Nikki Thomas,9.875
2022,3,0,Shylen Murakami,9.949999999999999
2022,3,0,Stephanie Tervort,9.800000000000001
2022,2,0,Aubri Schwartze,9.824999999999999
2022,2,0,Caitlin Kho,9.875
2022,2,0,Hannah Nipp,9.875
2022,2,0,Mayson Bentley,9.85
2022,2,1,Nikki Thomas,9.824999999999999
2022,2,0,Shylen Murakami,9.875
2022,1,0,Aubri Schwartze,9.775
2022,1,0,Caitlin Kho,9.824999999999999
2022,1,0,Hannah Nipp,9.85
2022,1,0,Mayson Bentley,9.800000000000001
2022,1,1,Nikki Thomas,9.800000000000001
2022,1,0,Shylen Murakami,9.85
2021,12,0,Aubri Schwartze,9.800000000000001
2021,12,0,Caitlin Kho,9.824999999999999
2021,12,0,Hannah Nipp,9.725
2021,12,0,Mayson Bentley,9.9
2021,12,1,Nikki Thomas,9.824999999999999
2021,12,0,Shylen Murakami,9.800000000000001
2021,11,0,Aubri Schwartze,9.800000000000001
2021,11,0,Caitlin Kho,9.725
2021,11,0,Hannah Nipp,9.800000000000001
2021,11,0,Mayson Bentley,9.85
2021,11,1,Nikki Thomas,9.800000000000001
2021,11,0,Shylen Murakami,9.85
2021,10,0,Aubri Schwartze,9.699999999999999
2021,10,0,Caitlin Kho,9.699999999999999
2021,10,0,Hannah Nipp,9.824999999999999
2021,10,0,Mayson Bentley,8.625
2021,10,0,Molly Jozwiakowski,9.625
2021,10,1,Nikki Thomas,9.800000000000001
2021,9,0,Aly Coutu,9.75
2021,9,0,Aubri Schwartze,9.725
2021,9,0,Caitlin Kho,9.15
2021,9,0,Mayson Bentley,9.875
2021,9,0,Molly Jozwiakowski,9.824999999999999
2021,9,1,Nikki Thomas,9.775
2021,8,0,Aubri Schwartze,9.824999999999999
2021,8,0,Caitlin Kho,9.75
2021,8,1,Karley McClain,9.775
2021,8,0,Mayson Bentley,9.75
2021,8,0,Shylen Murakami,9.175000000000001
2021,8,0,Stephanie Tervort,9.824999999999999
2021,7,0,Aubri Schwartze,9.85
2021,7,0,Hannah Nipp,9.925000000000001
2021,7,1,Karley McClain,9.775
2021,7,0,Mayson Bentley,9.85
2021,7,1,Nikki Thomas,9.65
2021,7,0,Shylen Murakami,9.875
2021,6,0,Aubri Schwartze,9.75
2021,6,0,Hannah Nipp,9.800000000000001
2021,6,1,Karley McClain,9.824999999999999
2021,6,0,Mayson Bentley,9.574999999999999
2021,6,1,Nikki Thomas,9.9
2021,6,0,Shylen Murakami,9.9
2021,5,0,Aubri Schwartze,9.725
2021,5,0,Hannah Nipp,9.725
2021,5,1,Karley McClain,9.775
2021,5,0,Mayson Bentley,9.75
2021,5,1,Nikki Thomas,9.824999999999999
2021,5,0,Shylen Murakami,9.875
2021,4,0,Aubri Schwartze,9.775
2021,4,1,Karley McClain,9.699999999999999
2021,4,0,Mayson Bentley,9.775
2021,4,0,Molly Jozwiakowski,9.775
2021,4,1,Nikki Thomas,9.824999999999999
2021,4,0,Shylen Murakami,9.9
2021,3,0,Aubri Schwartze,9.824999999999999
2021,3,0,Hannah Nipp,9.074999999999999
2021,3,1,Karley McClain,9.824999999999999
2021,3,0,Mayson Bentley,9.9
2021,3,1,Nikki Thomas,9.85
2021,3,0,Shylen Murakami,9.9
2021,2,0,Aubri Schwartze,9.824999999999999
2021,2,0,Hannah Nipp,9.824999999999999
2021,2,1,Karley McClain,9.824999999999999
2021,2,0,Mayson Bentley,9.15
2021,2,1,Nikki Thomas,9.800000000000001
2021,2,0,Shylen Murakami,9.800000000000001
2021,1,0,Aubri Schwartze,9.6
2021,1,0,Hannah Nipp,9.725
2021,1,1,Karley McClain,9.75
2021,1,0,Mayson Bentley,9.9
2021,1,1,Nikki Thomas,9.775
2021,1,0,Shylen Murakami,9.85
2020,11,0,Becky Rozsa-Thompson,9.775
2020,11,0,Caitlin Kho,9.75
2020,11,0,Hannah Nipp,9.775
2020,11,1,Karley McClain,8.875
2020,11,0,Shylen Murakami,9.85
2020,11,0,Stephanie Tervort,9.15
2020,10,0,Autumn Jorgensen,9.85
2020,10,0,Becky Rozsa-Thompson,9.800000000000001
2020,10,0,Hannah Nipp,9.75
2020,10,1,Karley McClain,9.949999999999999
2020,10,0,Madison McBride,8.775
2020,10,0,Shylen Murakami,9.824999999999999
2020,9,0,Becky Rozsa-Thompson,9.9
2020,9,0,Caitlin Kho,9.800000000000001
2020,9,0,Hannah Nipp,9.775
2020,9,1,Karley McClain,9.875
2020,9,0,Shylen Murakami,9.824999999999999
2020,9,0,Stephanie Tervort,9.85
2020,8,0,Becky Rozsa-Thompson,9.875
2020,8,0,Caitlin Kho,9.775
2020,8,0,Hannah Nipp,9.800000000000001
2020,8,1,Karley McClain,9.800000000000001
2020,8,0,Shylen Murakami,9.85
2020,8,0,Stephanie Tervort,9.35
2020,7,0,Becky Rozsa-Thompson,9.800000000000001
2020,7,0,Caitlin Kho,9.800000000000001
2020,7,0,Hannah Nipp,9.800000000000001
2020,7,1,Karley McClain,9.775
2020,7,0,Shylen Murakami,9.875
2020,7,0,Stephanie Tervort,9.85
2020,6,0,Becky Rozsa-Thompson,9.875
2020,6,0,Caitlin Kho,9.75
2020,6,0,Hannah Nipp,9.875
2020,6,1,Karley McClain,9.824999999999999
2020,6,0,Shylen Murakami,9.949999999999999
2020,6,0,Stephanie Tervort,9.324999999999999
2020,5,0,Becky Rozsa-Thompson,9.875
2020,5,0,Caitlin Kho,9.85
2020,5,0,Hannah Nipp,9.824999999999999
2020,5,1,Karley McClain,9.525
2020,5,0,Shylen Murakami,9.85
2020,5,0,Stephanie Tervort,9.25
2020,4,0,Becky Rozsa-Thompson,9.925000000000001
2020,4,0,Caitlin Kho,9.800000000000001
2020,4,0,Hannah Nipp,9.85
2020,4,1,Karley McClain,9.875
2020,4,0,Shylen Murakami,9.949999999999999
2020,4,0,Stephanie Tervort,9.775
2020,3,0,Becky Rozsa-Thompson,9.824999999999999
2020,3,0,Hannah Nipp,9.800000000000001
2020,3,1,Karley McClain,9.85
2020,3,0,Madison McBride,9.275
2020,3,0,Shylen Murakami,9.875
2020,3,0,Stephanie Tervort,9.675000000000001
2020,2,0,Becky Rozsa-Thompson,9.824999999999999
2020,2,0,Caitlin Kho,9.775
2020,2,0,Hannah Nipp,9.824999999999999
2020,2,1,Karley McClain,9.875
2020,2,0,Shylen Murakami,9.85
2020,2,0,Stephanie Tervort,9.875
2020,1,0,Autumn Jorgensen,8.925000000000001
2020,1,0,Becky Rozsa-Thompson,8.75
2020,1,0,Hannah Nipp,9.775
2020,1,1,Karley McClain,9.699999999999999
2020,1,0,Shylen Murakami,9.824999999999999
2020,1,0,Stephanie Tervort,9.775
2019,13,0,Autumn Jorgensen,9.800000000000001
2019,13,0,Caitlin Kho,9.75
2019,13,0,Hannah Nipp,9.699999999999999
2019,13,1,Karley McClain,9.800000000000001
2019,13,0,Shylen Murakami,9.775
2019,13,0,Stephanie Tervort,9.725
2019,12,0,Autumn Jorgensen,9.4
2019,12,0,Caitlin Kho,9.775
2019,12,0,Hannah Nipp,9.775
2019,12,1,Karley McClain,9.025
2019,12,0,Shylen Murakami,9.85
2019,12,0,Stephanie Tervort,9.85
2019,11,0,Autumn Jorgensen,9.85
2019,11,0,Caitlin Kho,9.75
2019,11,0,Hannah Nipp,9.824999999999999
2019,11,0,Mary Packham,9.75
2019,11,0,Shylen Murakami,9.85
2019,11,0,Stephanie Tervort,9.800000000000001
2019,10,0,Autumn Jorgensen,9.824999999999999
2019,10,0,Caitlin Kho,9.775
2019,10,0,Hannah Nipp,9.85
2019,10,0,Karen Gonzalez,8.675000000000001
2019,10,0,Shylen Murakami,9.875
2019,10,0,Stephanie Tervort,9.800000000000001
2019,9,0,Autumn Jorgensen,9.725
2019,9,0,Caitlin Kho,9.824999999999999
2019,9,0,Karen Gonzalez,9.75
2019,9,1,Karley McClain,9.824999999999999
2019,9,0,Shylen Murakami,9.775
2019,9,0,Stephanie Tervort,9.875
2019,8,0,Autumn Jorgensen,9.800000000000001
2019,8,0,Becky Rozsa-Thompson,9.800000000000001
2019,8,0,Caitlin Kho,9.725
2019,8,1,Karley McClain,9.775
2019,8,0,Shylen Murakami,9.85
2019,8,0,Stephanie Tervort,9.85
2019,7,0,Becky Rozsa-Thompson,9.824999999999999
2019,7,0,Caitlin Kho,9.75
2019,7,0,Karen Gonzalez,9.725
2019,7,1,Karley McClain,9.800000000000001
2019,7,0,Shylen Murakami,9.800000000000001
2019,7,0,Stephanie Tervort,9.75
2019,6,0,Autumn Jorgensen,9.824999999999999
2019,6,0,Becky Rozsa-Thompson,9.9
2019,6,0,Hannah Nipp,9.65
2019,6,1,Karley McClain,9.800000000000001
2019,6,0,Shylen Murakami,9.824999999999999
2019,6,0,Stephanie Tervort,9.775
2019,5,0,Autumn Jorgensen,9.75
2019,5,0,Becky Rozsa-Thompson,9.875
2019,5,0,Hannah Nipp,9.800000000000001
2019,5,1,Karley McClain,9.725
2019,5,0,Shylen Murakami,9.824999999999999
2019,5,0,Stephanie Tervort,9.775
2019,4,0,Autumn Jorgensen,9.675000000000001
2019,4,0,Becky Rozsa-Thompson,9.875
2019,4,0,Karen Gonzalez,9.725
2019,4,1,Karley McClain,9.725
2019,4,0,Shylen Murakami,9.85
2019,4,0,Stephanie Tervort,9.824999999999999
2019,3,0,Autumn Jorgensen,9.675000000000001
2019,3,0,Becky Rozsa-Thompson,9.800000000000001
2019,3,0,Hannah Nipp,9.75
2019,3,1,Karley McClain,9.699999999999999
2019,3,1,Morgan Alfaro,9.824999999999999
2019,3,0,Shylen Murakami,9.824999999999999
2019,3,0,Stephanie Tervort,9.75
2019,2,0,Autumn Jorgensen,9.775
2019,2,0,Becky Rozsa-Thompson,9.725
2019,2,0,Hannah Nipp,9.725
2019,2,0,Karen Gonzalez,9.75
2019,2,1,Karley McClain,9.775
2019,2,0,Shylen Murakami,9.875
2019,1,0,Autumn Jorgensen,9.699999999999999
2019,1,0,Becky Rozsa-Thompson,9.074999999999999
2019,1,0,Hannah Nipp,9.6
2019,1,0,Karen Gonzalez,9.725
2019,1,1,Karley McClain,9.675000000000001
2019,1,0,Shylen Murakami,9.199999999999999
2018,13,0,Autumn Jorgensen,9.050000000000001
2018,13,0,Becky Rozsa-Thompson,9.800000000000001
2018,13,0,Hannah Nipp,9.800000000000001
2018,13,0,Kirsten Yee,9.875
2018,13,0,Madison Howlett,9.725
2018,13,0,Madison McBride,9.824999999999999
2018,12,0,Autumn Jorgensen,9.800000000000001
2018,12,0,Becky Rozsa-Thompson,9.775
2018,12,0,Karen Gonzalez,9.800000000000001
2018,12,0,Kirsten Yee,9.85
2018,12,0,Madison Howlett,9.85
2018,12,0,Madison McBride,9.800000000000001
2018,11,0,Autumn Jorgensen,9.85
2018,11,0,Becky Rozsa-Thompson,9.875
2018,11,0,Karen Gonzalez,9.699999999999999
2018,11,0,Kirsten Yee,9
2018,11,0,Madison Howlett,9.675000000000001
2018,11,0,Madison McBride,9.800000000000001
2018,10,0,Autumn Jorgensen,9.300000000000001
2018,10,0,Becky Rozsa-Thompson,9.800000000000001
2018,10,0,Karen Gonzalez,9.824999999999999
2018,10,0,Kirsten Yee,9.875
2018,10,0,Madison Howlett,9.824999999999999
2018,10,0,Madison McBride,9.300000000000001
2018,9,0,Autumn Jorgensen,9.775
2018,9,0,Becky Rozsa-Thompson,9.9
2018,9,0,Karen Gonzalez,9.775
2018,9,0,Kirsten Yee,9.925000000000001
2018,9,0,Madison Howlett,9.875
2018,9,0,Madison McBride,9.800000000000001
2018,8,0,Autumn Jorgensen,9.824999999999999
2018,8,0,Becky Rozsa-Thompson,9.775
2018,8,0,Karen Gonzalez,9.699999999999999
2018,8,0,Kirsten Yee,9.85
2018,8,0,Madison Howlett,9.824999999999999
2018,8,0,Madison McBride,9.775
2018,7,0,Amber Heltemes,9.949999999999999
2018,7,0,Autumn Jorgensen,9.824999999999999
2018,7,0,Becky Rozsa-Thompson,9.800000000000001
2018,7,0,Kirsten Yee,9.875
2018,7,0,Madison Howlett,9.875
2018,7,0,Madison McBride,9.85
2018,6,0,Autumn Jorgensen,9.675000000000001
2018,6,0,Becky Rozsa-Thompson,9.800000000000001
2018,6,0,Karen Gonzalez,9.824999999999999
2018,6,0,Kirsten Yee,9.800000000000001
2018,6,0,Madison Howlett,9.800000000000001
2018,6,0,Madison McBride,9.324999999999999
2018,5,0,Autumn Jorgensen,9.574999999999999
2018,5,0,Becky Rozsa-Thompson,9.875
2018,5,0,Karen Gonzalez,9.85
2018,5,0,Kirsten Yee,9.85
2018,5,0,Madison Howlett,9.800000000000001
2018,5,0,Madison McBride,9.800000000000001
2018,4,0,Amber Heltemes,8.925000000000001
2018,4,0,Autumn Jorgensen,9.699999999999999
2018,4,0,Becky Rozsa-Thompson,9.775
2018,4,0,Kirsten Yee,9.85
2018,4,0,Madison Howlett,9.75
2018,4,0,Megan McBride,9.75
2018,3,0,Autumn Jorgensen,9.800000000000001
2018,3,0,Becky Rozsa-Thompson,9.75
2018,3,0,Karen Gonzalez,9.800000000000001
2018,3,0,Kirsten Yee,9.824999999999999
2018,3,0,Madison Howlett,9.824999999999999
2018,3,0,Madison McBride,9.175000000000001
2018,2,0,Amber Heltemes,9.699999999999999
2018,2,0,Becky Rozsa-Thompson,9.775
2018,2,0,Hannah Nipp,9.800000000000001
2018,2,0,Kirsten Yee,8.975
2018,2,0,Madison Howlett,9.75
2018,2,0,Madison McBride,9.800000000000001
2018,1,0,Amber Heltemes,9.65
2018,1,0,Becky Rozsa-Thompson,9.1
2018,1,0,Hannah Nipp,9.800000000000001
2018,1,0,Kirsten Yee,9.85
2018,1,0,Madison Howlett,9.800000000000001
2018,1,0,Madison McBride,9.1
2017,12,0,Amber Heltemes,9.75
2017,12,0,Becky Rozsa-Thompson,9.85
2017,12,0,Kirsten Yee,9.9
2017,12,0,Madison McBride,9.75
2017,12,0,Memory Shettles,9.824999999999999
2017,12,0,Sydney Townsend,9.85
2017,11,0,Amber Heltemes,9.75
2017,11,0,Becky Rozsa-Thompson,9.85
2017,11,0,Kirsten Yee,9.800000000000001
2017,11,0,Madison McBride,9.775
2017,11,0,Memory Shettles,9.824999999999999
2017,11,0,Sydney Townsend,9.775
2017,10,0,Amber Heltemes,9.824999999999999
2017,10,0,Autumn Jorgensen,9.15
2017,10,0,Becky Rozsa-Thompson,9.85
2017,10,0,Memory Shettles,9.85
2017,10,0,Sydney Townsend,9.75
2017,10,0,Tyly Bozzuto,9.85
2017,9,0,Amber Heltemes,9.800000000000001
2017,9,0,Kirsten Yee,9.85
2017,9,0,Madison McBride,9.75
2017,9,0,Memory Shettles,9.025
2017,9,0,Sydney Townsend,9.699999999999999
2017,9,0,Tyly Bozzuto,9.875
2017,8,0,Amber Heltemes,9.875
2017,8,0,Becky Rozsa-Thompson,9.824999999999999
2017,8,0,Kirsten Yee,9.875
2017,8,0,Madison McBride,9.875
2017,8,0,Memory Shettles,9.824999999999999
2017,8,0,Sydney Townsend,9.85
2017,7,0,Amber Heltemes,9.800000000000001
2017,7,0,Becky Rozsa-Thompson,9.85
2017,7,0,Kirsten Yee,9.875
2017,7,0,Madison McBride,9.875
2017,7,0,Memory Shettles,9.800000000000001
2017,7,0,Sydney Townsend,9.800000000000001
2017,6,0,Amber Heltemes,9.824999999999999
2017,6,0,Becky Rozsa-Thompson,9.199999999999999
2017,6,0,Kirsten Yee,9.025
2017,6,0,Madison McBride,9.275
2017,6,0,Memory Shettles,9.875
2017,6,0,Sydney Townsend,9.725
2017,5,0,Amber Heltemes,9.85
2017,5,0,Becky Rozsa-Thompson,9.775
2017,5,0,Kirsten Yee,9.85
2017,5,0,Madison McBride,9.925000000000001
2017,5,0,Memory Shettles,9.85
2017,5,0,Sydney Townsend,9.775
2017,4,0,Amber Heltemes,9.824999999999999
2017,4,0,Becky Rozsa-Thompson,9.1
2017,4,0,Danielle Ramirez,9.875
2017,4,0,Madison McBride,9.824999999999999
2017,4,0,Memory Shettles,9.824999999999999
2017,4,0,Sydney Townsend,9.875
2017,3,0,Amber Heltemes,9.699999999999999
2017,3,0,Becky Rozsa-Thompson,9.75
2017,3,0,Danielle Ramirez,9.85
2017,3,0,Kirsten Yee,9.025
2017,3,0,Madison McBride,9.75
2017,3,0,Memory Shettles,9.85
2017,2,0,Amber Heltemes,9.725
2017,2,0,Becky Rozsa-Thompson,9.65
2017,2,0,Danielle Ramirez,9.800000000000001
2017,2,0,Kirsten Yee,9.85
2017,2,0,Madison McBride,9.775
2017,2,0,Memory Shettles,9.800000000000001
2017,1,0,Amber Heltemes,9.699999999999999
2017,1,0,Becky Rozsa-Thompson,9.85
2017,1,0,Danielle Ramirez,9.699999999999999
2017,1,0,Kirsten Yee,9.725
2017,1,0,Madison McBride,9.75
2017,1,0,Memory Shettles,9.824999999999999
2018,14,0,Lauren Bridgens,9.875
2018,13,0,Ava Verdeflor,9.025
2018,13,0,Briannah Tsang,9.85
2018,13,0,Kristen Politz,8.824999999999999
2018,13,0,Lauren Bridgens,9.85
2018,13,0,Sabrina Garcia,9.75
2018,13,0,Tess McCracken,9.75
2018,12,0,Ava Verdeflor,9.775
2018,12,0,Briannah Tsang,9.625
2018,12,0,Kristen Politz,9.824999999999999
2018,12,0,Lauren Bridgens,9.875
2018,12,0,Sabrina Garcia,9.199999999999999
2018,12,0,Tess McCracken,9.725
2018,11,0,Ava Verdeflor,9.525
2018,11,0,Briannah Tsang,9.175000000000001
2018,11,0,Kristen Politz,9.824999999999999
2018,11,0,Lauren Bridgens,9.85
2018,11,0,Sabrina Garcia,9.800000000000001
2018,11,0,Tess McCracken,9.074999999999999
2018,10,0,Ava Verdeflor,9.85
2018,10,0,Briannah Tsang,9.275
2018,10,0,Kristen Politz,9.925000000000001
2018,10,0,Lauren Bridgens,10
2018,10,0,Sabrina Garcia,9.875
2018,10,0,Tess McCracken,9.824999999999999
2018,9,0,Ava Verdeflor,9.725
2018,9,0,Briannah Tsang,9.800000000000001
2018,9,0,Kristen Politz,9.85
2018,9,0,Lauren Bridgens,9.925000000000001
2018,9,0,Sabrina Garcia,9.800000000000001
2018,9,0,Tess McCracken,9.699999999999999
2018,8,0,Ava Verdeflor,9.775
2018,8,0,Briannah Tsang,9.85
2018,8,0,Kristen Politz,9.824999999999999
2018,8,0,Lauren Bridgens,9.925000000000001
2018,8,0,Sabrina Garcia,9.925000000000001
2018,8,0,Tess McCracken,9.800000000000001
2018,7,0,Alissa Bonsall,9.35
2018,7,0,Ava Verdeflor,9.85
2018,7,0,Briannah Tsang,9.800000000000001
2018,7,0,Lauren Bridgens,9.9
2018,7,0,Sabrina Garcia,9.9
2018,7,0,Tess McCracken,9.800000000000001
2018,6,0,Alissa Bonsall,9.85
2018,6,0,Briannah Tsang,9.85
2018,6,0,Lauren Bridgens,9.85
2018,6,0,Sabrina Garcia,8.699999999999999
2018,6,0,Tess McCracken,9.75
2018,5,0,Alissa Bonsall,9.875
2018,5,0,Ava Verdeflor,9.800000000000001
2018,5,0,Briannah Tsang,9.85
2018,5,0,Lauren Bridgens,9.925000000000001
2018,5,0,Sabrina Garcia,9.925000000000001
2018,5,0,Tess McCracken,8.85
2018,4,0,Alissa Bonsall,9.824999999999999
2018,4,0,Briannah Tsang,9.725
2018,4,0,Kristen Politz,9.699999999999999
2018,4,0,Lauren Bridgens,9.875
2018,4,0,Sabrina Garcia,9.875
2018,4,0,Tess McCracken,9.75
2018,3,0,Alissa Bonsall,9.275
2018,3,0,Ava Verdeflor,9.824999999999999
2018,3,0,Briannah Tsang,9.9
2018,3,0,Lauren Bridgens,9.300000000000001
2018,3,0,Sabrina Garcia,9.775
2018,3,0,Tess McCracken,9.775
2018,2,0,Alissa Bonsall,9.9
2018,2,0,Ava Verdeflor,9.25
2018,2,0,Briannah Tsang,9.9
2018,2,0,Lauren Bridgens,9.875
2018,2,0,Sabrina Garcia,9.85
2018,2,0,Tess McCracken,9.800000000000001
2018,1,0,Alissa Bonsall,9.775
2018,1,0,Briannah Tsang,9.75
2018,1,0,Kristen Politz,9.199999999999999
2018,1,0,Lauren Bridgens,9.800000000000001
2018,1,0,Sabrina Garcia,9.675000000000001
2018,1,0,Tess McCracken,9.6
2020,9,0,Adnerys De Jesus,9.775
2020,9,0,Clara Colombo,9.824999999999999
2020,9,0,Kathryn Thaler,8.875
2020,9,0,Kylie Piringer,9.775
2020,9,1,Megan Verceles Carr,9.75
2020,9,0,Taylor Houchin,9.9
2020,8,0,Adnerys De Jesus,9.85
2020,8,0,Clara Colombo,9.875
2020,8,0,Kathryn Thaler,9.824999999999999
2020,8,0,Kylie Piringer,9.725
2020,8,1,Megan Verceles Carr,9.824999999999999
2020,8,0,Taylor Houchin,9.875
2020,7,0,Adnerys De Jesus,9.85
2020,7,0,Clara Colombo,9.800000000000001
2020,7,0,Kathryn Thaler,9.625
2020,7,0,Kylie Piringer,9.675000000000001
2020,7,1,Megan Verceles Carr,9.775
2020,7,0,Taylor Houchin,9.4
2020,6,0,Adnerys De Jesus,9.85
2020,6,0,Clara Colombo,9.699999999999999
2020,6,0,Kathryn Thaler,9.65
2020,6,0,Kylie Piringer,9.625
2020,6,1,Megan Verceles Carr,9.824999999999999
2020,6,0,Taylor Houchin,9.824999999999999
2020,5,0,Adnerys De Jesus,9.85
2020,5,0,Clara Colombo,9.775
2020,5,0,Kylie Piringer,9.675000000000001
2020,5,1,Megan Verceles Carr,9.824999999999999
2020,5,0,Taylor Houchin,9.9
2020,4,0,Adnerys De Jesus,9.824999999999999
2020,4,0,Clara Colombo,9.824999999999999
2020,4,0,Kathryn Thaler,9.85
2020,4,0,Kylie Piringer,9.775
2020,4,1,Megan Verceles Carr,9.875
2020,4,0,Taylor Houchin,9.875
2020,3,0,Adnerys De Jesus,9.75
2020,3,0,Clara Colombo,9.75
2020,3,0,Kathryn Thaler,9.699999999999999
2020,3,0,Kylie Piringer,9.449999999999999
2020,3,1,Megan Verceles Carr,9.725
2020,3,0,Taylor Houchin,9.875
2020,2,0,Adnerys De Jesus,9.5
2020,2,0,Clara Colombo,9.875
2020,2,0,Kathryn Thaler,9.800000000000001
2020,2,0,Kylie Piringer,8.725
2020,2,1,Megan Verceles Carr,9.5
2020,2,0,Taylor Houchin,9.875
2020,1,0,Clara Colombo,9.775
2020,1,0,Kathryn Thaler,9.699999999999999
2020,1,0,Kaylee Quinn,8.75
2020,1,0,Kylie Piringer,9.725
2020,1,1,Megan Verceles Carr,9.800000000000001
2020,1,0,Taylor Houchin,9.824999999999999
2017,15,0,Angel Metcalf,9.8375
2017,14,0,Angel Metcalf,9.800000000000001
2017,14,0,Charlotte Sullivan,9.824999999999999
2017,14,0,Clair Kaji,9.699999999999999
2017,14,0,Lexi Mura,9.550000000000001
2017,14,0,Melissa Zurawaski,9.675000000000001
2017,14,0,Mollie Drenth,9.85
2017,13,0,Angel Metcalf,9.9
2017,13,0,Charlotte Sullivan,9.800000000000001
2017,13,0,Clair Kaji,9.800000000000001
2017,13,0,Lanie Snyder,9.85
2017,13,0,Lexi Mura,9.800000000000001
2017,13,0,Melissa Zurawaski,9.275
2017,12,0,Angel Metcalf,9.949999999999999
2017,12,0,Charlotte Sullivan,9.800000000000001
2017,12,0,Clair Kaji,9.824999999999999
2017,12,0,Lanie Snyder,9.824999999999999
2017,12,0,Lexi Mura,9.824999999999999
2017,12,0,Melissa Zurawaski,9.9
2017,11,0,Angel Metcalf,9.9
2017,11,0,Charlotte Sullivan,9.800000000000001
2017,11,0,Lanie Snyder,9.775
2017,11,0,Lexi Mura,9.824999999999999
2017,11,0,Melissa Zurawaski,9.225
2017,11,0,Mollie Drenth,9.75
2017,10,0,Angel Metcalf,9.85
2017,10,0,Charlotte Sullivan,9.800000000000001
2017,10,0,Clair Kaji,9.15
2017,10,0,Lanie Snyder,9.800000000000001
2017,10,0,Lexi Mura,9.725
2017,10,0,Melissa Zurawaski,9.800000000000001
2017,9,0,Angel Metcalf,9.875
2017,9,0,Charlotte Sullivan,9.65
2017,9,0,Clair Kaji,8.949999999999999
2017,9,0,Maria Ortiz,8.9
2017,9,0,Melissa Zurawaski,9.800000000000001
2017,9,0,Mollie Drenth,9.699999999999999
2017,8,0,Angel Metcalf,9.800000000000001
2017,8,0,Charlotte Sullivan,9.9
2017,8,0,Clair Kaji,9.75
2017,8,0,Lexi Mura,9.65
2017,8,0,Melissa Zurawaski,9.85
2017,8,0,Mollie Drenth,9.85
2017,7,0,Angel Metcalf,9.775
2017,7,0,Charlotte Sullivan,9.85
2017,7,0,Clair Kaji,9.824999999999999
2017,7,0,Lexi Mura,9.65
2017,7,0,Melissa Zurawaski,9.824999999999999
2017,7,0,Mollie Drenth,9.775
2017,6,0,Angel Metcalf,9.824999999999999
2017,6,0,Charlotte Sullivan,9.800000000000001
2017,6,0,Clair Kaji,9.800000000000001
2017,6,0,Lexi Mura,9.75
2017,6,0,Melissa Zurawaski,9.85
2017,6,0,Mollie Drenth,9.775
2017,5,0,Angel Metcalf,9.925000000000001
2017,5,0,Charlotte Sullivan,9.925000000000001
2017,5,0,Clair Kaji,9.85
2017,5,0,Lexi Mura,9.699999999999999
2017,5,0,Melissa Zurawaski,9.925000000000001
2017,5,0,Mollie Drenth,9.475
2017,4,0,Angel Metcalf,9.800000000000001
2017,4,0,Charlotte Sullivan,9.5
2017,4,0,Clair Kaji,9.75
2017,4,0,Lexi Mura,9.775
2017,4,0,Melissa Zurawaski,9.875
2017,4,0,Mollie Drenth,9.85
2017,3,0,Angel Metcalf,9.9
2017,3,0,Charlotte Sullivan,9.199999999999999
2017,3,0,Clair Kaji,9.574999999999999
2017,3,0,Lexi Mura,9.75
2017,3,0,Melissa Zurawaski,9.875
2017,3,0,Mollie Drenth,9.85
2017,2,0,Angel Metcalf,9.725
2017,2,0,Charlotte Sullivan,9.75
2017,2,0,Clair Kaji,9.675000000000001
2017,2,0,Lexi Mura,9.699999999999999
2017,2,0,Melissa Zurawaski,9.875
2017,2,0,Mollie Drenth,9.725
2017,1,0,Angel Metcalf,9.225
2017,1,0,Charlotte Sullivan,9.699999999999999
2017,1,0,Clair Kaji,9.875
2017,1,0,Lanie Snyder,9.275
2017,1,0,Melissa Zurawaski,9.775
2017,1,0,Mollie Drenth,9.050000000000001
2022,12,1,Alana Laster,9.800000000000001
2022,12,1,Angelica Labat,9.800000000000001
2022,12,1,Charlise Doctor,9.800000000000001
2022,12,0,Isabella Decroo,8.300000000000001
2022,12,1,Madison Kipp,9.85
2022,12,0,Sofia Iribarren,9.9
2022,11,1,Alana Laster,9.6
2022,11,1,Angelica Labat,9.65
2022,11,1,Charlise Doctor,9
2022,11,1,J'Chelle Heard,9.050000000000001
2022,11,1,Madison Kipp,9.65
2022,11,0,Sofia Iribarren,9.625
2022,10,1,Alana Laster,9.675000000000001
2022,10,1,Angelica Labat,9.875
2022,10,1,Charlise Doctor,9.800000000000001
2022,10,1,J'Chelle Heard,9.199999999999999
2022,10,1,Madison Kipp,9.9
2022,10,0,Sofia Iribarren,9.775
2022,9,1,Alana Laster,9.675000000000001
2022,9,1,Angelica Labat,9.699999999999999
2022,9,1,Charlise Doctor,9.725
2022,9,0,Isabella Decroo,9.35
2022,9,1,Madison Kipp,9.824999999999999
2022,9,0,Sofia Iribarren,9.824999999999999
2022,8,1,Alana Laster,9.199999999999999
2022,8,1,Angelica Labat,9.800000000000001
2022,8,1,Charlise Doctor,9.75
2022,8,0,Isabella Decroo,9.5
2022,8,1,Madison Kipp,9.9
2022,8,0,Sofia Iribarren,9.824999999999999
2022,7,1,Alana Laster,9.775
2022,7,1,Angelica Labat,9.675000000000001
2022,7,1,Charlise Doctor,9.800000000000001
2022,7,0,Isabella Decroo,9.775
2022,7,1,Madison Kipp,9.725
2022,7,0,Sofia Iribarren,9.775
2022,6,1,Alana Laster,9.675000000000001
2022,6,1,Angelica Labat,9.875
2022,6,1,Charlise Doctor,9.625
2022,6,0,Isabella Decroo,9.449999999999999
2022,6,1,Madison Kipp,9.775
2022,6,0,Sofia Iribarren,9.875
2022,5,1,Alana Laster,9.475
2022,5,1,Angelica Labat,9.824999999999999
2022,5,1,Charlise Doctor,9.699999999999999
2022,5,0,Isabella Decroo,9.574999999999999
2022,5,1,Madison Kipp,9.800000000000001
2022,5,0,Sofia Iribarren,9.775
2022,4,1,Alana Laster,9.675000000000001
2022,4,1,Angelica Labat,9.75
2022,4,1,Charlise Doctor,8.775
2022,4,0,Isabella Decroo,9.475
2022,4,1,Madison Kipp,9.75
2022,4,0,Sofia Iribarren,9.6
2022,3,1,Alana Laster,9.5
2022,3,1,Angelica Labat,9.775
2022,3,1,Charlise Doctor,9.675000000000001
2022,3,0,Isabella Decroo,9.475
2022,3,1,Madison Kipp,9.675000000000001
2022,3,0,Sofia Iribarren,9.85
2022,2,1,Alana Laster,8.1
2022,2,1,Angelica Labat,9.775
2022,2,1,Charlise Doctor,9.699999999999999
2022,2,0,Isabella Decroo,9.324999999999999
2022,2,1,Madison Kipp,9.25
2022,2,0,Sofia Iribarren,9.15
2022,1,1,Alana Laster,9.525
2022,1,1,Angelica Labat,9.75
2022,1,1,Charlise Doctor,9.675000000000001
2022,1,0,Isabella Decroo,9.625
2022,1,1,Madison Kipp,9.375
2022,1,0,Sofia Iribarren,8.5
2021,13,1,Lynnzee Brown,9.9
2021,12,0,Alexandria Ruiz,9.675000000000001
2021,12,0,Jessica Hutchinson,9.824999999999999
2021,12,1,Lynnzee Brown,10
2021,12,0,Mia Sundstrom,9.225
2021,12,0,Rosie Casali,9.85
2021,12,0,Rylie Mundell,9.85
2021,11,0,Alexandria Ruiz,9.725
2021,11,0,Emily Glynn,9.65
2021,11,0,Jessica Hutchinson,9.875
2021,11,1,Lynnzee Brown,9.9
2021,11,0,Mia Sundstrom,9.35
2021,11,0,Rosie Casali,9.824999999999999
2021,10,0,Alexandria Ruiz,9.85
2021,10,0,Emily Glynn,9.875
2021,10,0,Jessica Hutchinson,9.9
2021,10,1,Lynnzee Brown,10
2021,10,0,Mia Sundstrom,9.85
2021,10,0,Rosie Casali,9.9
2021,9,0,Abbie Thompson,9.775
2021,9,0,Alexandria Ruiz,9.824999999999999
2021,9,0,Emily Glynn,9.9
2021,9,0,Jessica Hutchinson,9.949999999999999
2021,9,1,Lynnzee Brown,9.949999999999999
2021,9,0,Rylie Mundell,9.800000000000001
2021,8,0,Abbie Thompson,9.925000000000001
2021,8,0,Alexandria Ruiz,9.225
2021,8,0,Emily Glynn,9.949999999999999
2021,8,0,Jessica Hutchinson,9.9
2021,8,1,Lynnzee Brown,9.975
2021,8,0,Rylie Mundell,9.875
2021,7,0,Alexandria Ruiz,9.85
2021,7,0,Emily Glynn,9.875
2021,7,0,Jessica Hutchinson,9.775
2021,7,1,Lynnzee Brown,9.949999999999999
2021,7,0,Rosie Casali,9.800000000000001
2021,7,0,Rylie Mundell,9.800000000000001
2021,6,0,Abbie Thompson,9.050000000000001
2021,6,0,Alexandria Ruiz,9.85
2021,6,0,Emily Glynn,9.824999999999999
2021,6,1,Lynnzee Brown,9.9
2021,6,0,Rosie Casali,9.800000000000001
2021,6,0,Rylie Mundell,9.9
2021,5,0,Abbie Thompson,9.800000000000001
2021,5,0,Alexandria Ruiz,9.824999999999999
2021,5,0,Emily Glynn,9.725
2021,5,0,Jessica Hutchinson,9.775
2021,5,1,Lynnzee Brown,9.875
2021,5,0,Rosie Casali,9.85
2021,4,0,Abbie Thompson,9.75
2021,4,0,Alexandria Ruiz,9.875
2021,4,0,Emily Glynn,9.875
2021,4,1,Lynnzee Brown,9.949999999999999
2021,4,0,Natalie Morton,9.725
2021,3,0,Alexandria Ruiz,9.85
2021,3,0,Emily Glynn,9.9
2021,3,0,Jessica Hutchinson,9.800000000000001
2021,3,1,Lynnzee Brown,9.925000000000001
2021,3,0,Rosie Casali,9.725
2021,3,0,Rylie Mundell,9.85
2021,2,0,Alexandria Ruiz,9.9
2021,2,0,Emily Glynn,9.824999999999999
2021,2,0,Jessica Hutchinson,9.85
2021,2,1,Lynnzee Brown,9.875
2021,2,0,Rosie Casali,9.824999999999999
2021,2,0,Rylie Mundell,9.975
2021,1,0,Alexandria Ruiz,9.75
2021,1,0,Emily Glynn,9.85
2021,1,0,Jessica Hutchinson,9.85
2021,1,1,Lynnzee Brown,9.925000000000001
2021,1,0,Rosie Casali,9.800000000000001
2021,1,0,Rylie Mundell,9.875
2018,14,1,Lynnzee Brown,9.875
2018,13,0,Claire Kern,9.800000000000001
2018,13,0,Diana Chesnok,9.775
2018,13,0,Emily Glynn,9.9
2018,13,1,Lynnzee Brown,9.9
2018,13,0,Maddie Kar,9.875
2018,13,0,Mia Sundstrom,9.85
2018,12,0,Claire Kern,9.800000000000001
2018,12,0,Diana Chesnok,9.85
2018,12,0,Emily Glynn,9.949999999999999
2018,12,1,Lynnzee Brown,9.9
2018,12,0,Maddie Kar,9.9
2018,12,0,Mia Sundstrom,9.875
2018,11,0,Claire Kern,9.775
2018,11,0,Diana Chesnok,9.85
2018,11,0,Emily Glynn,9.925000000000001
2018,11,1,Lynnzee Brown,9.925000000000001
2018,11,0,Maddie Kar,9.949999999999999
2018,11,0,Mia Sundstrom,9.800000000000001
2018,10,0,Claire Kern,9.875
2018,10,0,Diana Chesnok,9.824999999999999
2018,10,0,Emily Glynn,9.875
2018,10,1,Lynnzee Brown,9.85
2018,10,0,Maddie Kar,9.9
2018,10,0,Mia Sundstrom,9.9
2018,9,0,Claire Kern,9.824999999999999
2018,9,0,Diana Chesnok,9.824999999999999
2018,9,0,Emily Glynn,8.574999999999999
2018,9,1,Lynnzee Brown,9.875
2018,9,0,Maddie Kar,9.949999999999999
2018,9,0,Mia Sundstrom,9.775
2018,8,0,Claire Kern,9.775
2018,8,0,Diana Chesnok,9.875
2018,8,0,Emily Glynn,9.9
2018,8,1,Lynnzee Brown,9.875
2018,8,0,Maddie Kar,9.9
2018,8,0,Mia Sundstrom,9.800000000000001
2018,7,0,Claire Kern,9.875
2018,7,0,Diana Chesnok,9.775
2018,7,0,Emily Glynn,9.9
2018,7,0,Leah Lomonte,9.1
2018,7,0,Maddie Kar,9.9
2018,7,0,Mia Sundstrom,9.9
2018,6,0,Claire Kern,9.800000000000001
2018,6,0,Diana Chesnok,9.800000000000001
2018,6,0,Emily Glynn,9.9
2018,6,0,Leah Lomonte,9.800000000000001
2018,6,0,Maddie Kar,9.875
2018,6,0,Mia Sundstrom,9.800000000000001
2018,5,0,Claire Kern,9.175000000000001
2018,5,0,Diana Chesnok,9.275
2018,5,0,Emily Glynn,9.85
2018,5,1,Lynnzee Brown,9.875
2018,5,0,Maddie Kar,9.9
2018,5,0,Mia Sundstrom,9.85
2018,4,0,Claire Kern,9.775
2018,4,0,Diana Chesnok,9.775
2018,4,1,Lynnzee Brown,9.875
2018,4,0,Maddie Kar,9.9
2018,4,0,Mia Sundstrom,9.775
2018,3,0,Claire Kern,9.775
2018,3,0,Diana Chesnok,9.35
2018,3,0,Leah Lomonte,9.125
2018,3,1,Lynnzee Brown,9.85
2018,3,0,Maddie Kar,9.9
2018,3,0,Mia Sundstrom,9.775
2018,2,0,Claire Kern,9.824999999999999
2018,2,0,Diana Chesnok,9.925000000000001
2018,2,0,Emily Glynn,9.9
2018,2,1,Lynnzee Brown,9.824999999999999
2018,2,0,Maddie Kar,9.324999999999999
2018,2,0,Mia Sundstrom,9.15
2018,1,0,Claire Kern,9.725
2018,1,0,Diana Chesnok,9.725
2018,1,0,Emily Glynn,9.074999999999999
2018,1,1,Lynnzee Brown,9.85
2018,1,0,Maddie Kar,9.85
2018,1,0,Mia Sundstrom,9.125
2022,8,0,Alexis Stokes,9.9
2022,8,0,Courtney Blackson,9.800000000000001
2022,8,0,Emily Lopez,9.9
2022,8,0,Emily Muhlenhaupt,9.925000000000001
2022,8,0,Maddi Nilson,9.85
2022,8,0,Talia Little,9.775
2022,7,0,Alexis Stokes,9.9
2022,7,0,Courtney Blackson,9.300000000000001
2022,7,0,Emily Lopez,9.949999999999999
2022,7,0,Emily Muhlenhaupt,9.975
2022,7,0,Maddi Nilson,9.875
2022,7,0,Talia Little,9.824999999999999
2022,6,0,Alexis Stokes,9.9
2022,6,0,Courtney Blackson,9.875
2022,6,0,Emily Lopez,9.949999999999999
2022,6,0,Emily Muhlenhaupt,9.949999999999999
2022,6,0,Maddi Nilson,9.125
2022,6,0,Talia Little,9.824999999999999
2022,5,0,Alexis Stokes,9.9
2022,5,0,Courtney Blackson,9.824999999999999
2022,5,0,Emily Lopez,9.85
2022,5,0,Emily Muhlenhaupt,9.949999999999999
2022,5,0,Maddi Nilson,9.9
2022,5,0,Talia Little,9.800000000000001
2022,4,0,Alexis Stokes,9.975
2022,4,0,Courtney Blackson,9.875
2022,4,0,Emily Lopez,9.875
2022,4,0,Emily Muhlenhaupt,9.85
2022,4,0,Maddi Nilson,9.050000000000001
2022,4,0,Talia Little,9.875
2022,3,0,Alexis Stokes,9.975
2022,3,0,Courtney Blackson,9.225
2022,3,0,Emily Lopez,9.925000000000001
2022,3,0,Emily Muhlenhaupt,9.9
2022,3,0,Maddi Nilson,8.949999999999999
2022,3,0,Talia Little,9.85
2022,2,0,Alexis Stokes,9.824999999999999
2022,2,0,Emily Lopez,9.9
2022,2,0,Emily Muhlenhaupt,9.925000000000001
2022,2,0,Hope Masiado,9.699999999999999
2022,2,0,Maddi Nilson,9.9
2022,2,0,Talia Little,9.800000000000001
2022,1,0,Alexis Stokes,9.875
2022,1,0,Emily Lopez,9.925000000000001
2022,1,0,Emily Muhlenhaupt,9.949999999999999
2022,1,0,Hope Masiado,9.65
2022,1,0,Maddi Nilson,9.050000000000001
2022,1,0,Talia Little,8.875
2021,11,0,Courtney Blackson,9.800000000000001
2021,11,0,Emily Lopez,9.9
2021,11,0,Emily Muhlenhaupt,9.875
2021,11,0,Gabriela Cavinta,9.85
2021,11,0,Maddi Nilson,9.85
2021,11,0,Talia Little,9.9
2021,10,0,Courtney Blackson,9.775
2021,10,0,Emily Lopez,9.800000000000001
2021,10,0,Emily Muhlenhaupt,9.925000000000001
2021,10,0,Gabriela Cavinta,9.824999999999999
2021,10,0,Maddi Nilson,9.800000000000001
2021,10,0,Talia Little,9.800000000000001
2021,9,0,Courtney Blackson,9.824999999999999
2021,9,0,Emily Lopez,9.875
2021,9,0,Emily Muhlenhaupt,9.949999999999999
2021,9,0,Gabriela Cavinta,9.824999999999999
2021,9,0,Maddi Nilson,9.875
2021,9,0,Talia Little,9.824999999999999
2021,8,0,Courtney Blackson,9.800000000000001
2021,8,0,Emily Lopez,9.9
2021,8,0,Emily Muhlenhaupt,9.925000000000001
2021,8,0,Gabriela Cavinta,9.85
2021,8,0,Maddi Nilson,9.824999999999999
2021,8,0,Talia Little,9.800000000000001
2021,7,0,Courtney Blackson,9.775
2021,7,0,Emily Lopez,9.85
2021,7,0,Emily Muhlenhaupt,9.375
2021,7,0,Gabriela Cavinta,9.9
2021,7,0,Maddi Nilson,9.800000000000001
2021,7,0,Talia Little,9.75
2021,6,0,Courtney Blackson,9.875
2021,6,0,Emily Lopez,9.824999999999999
2021,6,0,Emily Muhlenhaupt,9.9
2021,6,0,Gabriela Cavinta,9.875
2021,6,0,Maddi Nilson,9.875
2021,6,0,Talia Little,9.824999999999999
2021,5,0,Courtney Blackson,9.824999999999999
2021,5,0,Emily Lopez,9.9
2021,5,0,Gabriela Cavinta,9.824999999999999
2021,5,0,Hope Masiado,9.775
2021,5,0,Maddi Nilson,9.85
2021,5,0,Talia Little,9.824999999999999
2021,4,0,Courtney Blackson,9.85
2021,4,0,Emily Lopez,9.875
2021,4,0,Emily Muhlenhaupt,9.975
2021,4,0,Gabriela Cavinta,9.85
2021,4,0,Maddi Nilson,9.800000000000001
2021,4,0,Talia Little,9.699999999999999
2021,3,0,Courtney Blackson,9.5
2021,3,0,Emily Lopez,9.800000000000001
2021,3,0,Emily Muhlenhaupt,9.824999999999999
2021,3,0,Gabriela Cavinta,9.800000000000001
2021,3,0,Maddi Nilson,9.85
2021,3,0,Tatum Bruden,9.725
2021,2,0,Courtney Blackson,9.775
2021,2,0,Emily Lopez,9.824999999999999
2021,2,0,Emily Muhlenhaupt,9.949999999999999
2021,2,0,Gabriela Cavinta,9.875
2021,2,0,Maddi Nilson,9.85
2021,2,0,Tatum Bruden,9.800000000000001
2021,1,0,Emily Lopez,9.925000000000001
2021,1,0,Emily Muhlenhaupt,9.949999999999999
2021,1,0,Gabriela Cavinta,9.775
2021,1,0,Hope Masiado,9.725
2021,1,0,Maddi Nilson,9.775
2021,1,0,Tatum Bruden,9.824999999999999
2020,9,0,Alexis Stokes,9.85
2020,9,0,Emily Muhlenhaupt,9.949999999999999
2020,9,0,Gabriela Cavinta,9.75
2020,9,0,Hope Masiado,9.824999999999999
2020,9,0,Maddi Nilson,9.800000000000001
2020,9,0,Tatum Bruden,9.875
2020,8,0,Alexis Stokes,9.875
2020,8,0,Emily Muhlenhaupt,9.9
2020,8,0,Gabriela Cavinta,8.65
2020,8,0,Hope Masiado,9.15
2020,8,0,Maddi Nilson,9.75
2020,8,0,Tatum Bruden,9.824999999999999
2020,7,0,Alexis Stokes,9.824999999999999
2020,7,0,Emily Muhlenhaupt,9.975
2020,7,0,Gabriela Cavinta,9.800000000000001
2020,7,0,Hope Masiado,9.775
2020,7,0,Maddi Nilson,9.85
2020,7,0,Tatum Bruden,9.75
2020,6,0,Emily Muhlenhaupt,9.949999999999999
2020,6,0,Gabriela Cavinta,9.875
2020,6,0,Hope Masiado,9.775
2020,6,0,Maddi Nilson,9.85
2020,6,0,Tatum Bruden,9.875
2020,5,0,Emily Muhlenhaupt,9.725
2020,5,0,Gabriela Cavinta,9.85
2020,5,0,Hope Masiado,9.025
2020,5,0,Maddi Nilson,9.85
2020,5,0,Tatum Bruden,9.824999999999999
2020,4,0,Emily Muhlenhaupt,9.925000000000001
2020,4,0,Gabriela Cavinta,9.85
2020,4,0,Maddi Nilson,9.725
2020,4,0,Tatum Bruden,9.725
2020,3,0,Emily Muhlenhaupt,9.975
2020,3,0,Gabriela Cavinta,9.824999999999999
2020,3,0,Hope Masiado,9.824999999999999
2020,3,0,Maddi Nilson,9.9
2020,3,0,Tatum Bruden,9.85
2020,2,0,Emily Muhlenhaupt,9.925000000000001
2020,2,0,Gabriela Cavinta,9.199999999999999
2020,2,0,Hope Masiado,9.85
2020,2,0,Maddi Nilson,9.824999999999999
2020,2,0,Tatum Bruden,9.775
2020,1,0,Courtney McGregor,9.875
2020,1,0,Emily Muhlenhaupt,9.925000000000001
2020,1,0,Gabriela Cavinta,9.85
2020,1,0,Maddi Nilson,9.85
2020,1,0,Tatum Bruden,9.824999999999999
2019,12,0,Alexis Stokes,9.85
2019,12,0,Courtney McGregor,9.800000000000001
2019,12,0,Emily Muhlenhaupt,9.15
2019,12,0,Gabriela Cavinta,9.800000000000001
2019,12,0,Maddi Nilson,9.775
2019,12,0,Sarah Means,9.775
2019,11,0,Alexis Stokes,9.824999999999999
2019,11,0,Courtney McGregor,9.85
2019,11,0,Emily Muhlenhaupt,9.9
2019,11,0,Gabriela Cavinta,9.875
2019,11,0,Maddi Nilson,9.775
2019,11,0,Sarah Means,9.824999999999999
2019,10,0,Alexis Stokes,9.949999999999999
2019,10,0,Courtney McGregor,9.925000000000001
2019,10,0,Emily Muhlenhaupt,9.925000000000001
2019,10,0,Gabriela Cavinta,9.875
2019,10,0,Maddi Nilson,9.1
2019,10,0,Sarah Means,9.800000000000001
2019,9,0,Alexis Stokes,9.925000000000001
2019,9,0,Courtney McGregor,9.85
2019,9,0,Emily Muhlenhaupt,9.324999999999999
2019,9,0,Gabriela Cavinta,9.85
2019,9,0,Maddi Nilson,9.800000000000001
2019,9,0,Sarah Means,9.275
2019,8,0,Alexis Stokes,9.925000000000001
2019,8,0,Courtney McGregor,9.975
2019,8,0,Emily Muhlenhaupt,9.925000000000001
2019,8,0,Gabriela Cavinta,9.9
2019,8,0,Maddi Nilson,9.85
2019,8,0,Sarah Means,9.800000000000001
2019,7,0,Alexis Stokes,9.824999999999999
2019,7,0,Courtney McGregor,9.875
2019,7,0,Emily Muhlenhaupt,9.85
2019,7,0,Gabriela Cavinta,9.725
2019,7,0,Maddi Nilson,9.800000000000001
2019,7,0,Sarah Means,9.800000000000001
2019,6,0,Alexis Stokes,9.925000000000001
2019,6,0,Courtney McGregor,9.800000000000001
2019,6,0,Emily Muhlenhaupt,9.949999999999999
2019,6,0,Gabriela Cavinta,9.800000000000001
2019,6,0,Sarah Means,9.85
2019,6,0,Shani Remme,9.949999999999999
2019,5,0,Alexis Stokes,9.800000000000001
2019,5,0,Courtney McGregor,9.85
2019,5,0,Emily Muhlenhaupt,9.25
2019,5,0,Gabriela Cavinta,9.800000000000001
2019,5,0,Maddi Nilson,9.775
2019,5,0,Shani Remme,9.925000000000001
2019,4,0,Alexis Stokes,9.875
2019,4,0,Courtney McGregor,9.875
2019,4,0,Emily Muhlenhaupt,9.975
2019,4,0,Gabriela Cavinta,9.65
2019,4,0,Maddi Nilson,9.85
2019,4,0,Shani Remme,9.875
2019,3,0,Alexis Stokes,9.875
2019,3,0,Courtney McGregor,9.9
2019,3,0,Emily Muhlenhaupt,9.85
2019,3,0,Gabriela Cavinta,9.775
2019,3,0,Shani Remme,9.85
2019,3,0,Tatum Bruden,9.725
2019,2,0,Alexis Stokes,9.800000000000001
2019,2,0,Courtney McGregor,9.775
2019,2,0,Emily Muhlenhaupt,9.75
2019,2,0,Gabriela Cavinta,9.675000000000001
2019,2,0,Shani Remme,9.35
2019,2,0,Tatum Bruden,9.050000000000001
2019,1,0,Alexis Stokes,9.775
2019,1,0,Courtney McGregor,9.875
2019,1,0,Emily Muhlenhaupt,9.875
2019,1,0,Gabriela Cavinta,9.800000000000001
2019,1,0,Shani Remme,9.85
2019,1,0,Tatum Bruden,9.85
2018,12,0,Ann Stockwell,9.85
2018,12,0,Courtney McGregor,9.85
2018,12,0,Emily Muhlenhaupt,9.775
2018,12,0,Sandra Collantes,9.824999999999999
2018,12,0,Sarah Means,9.775
2018,12,0,Shani Remme,9.9
2018,11,0,Ann Stockwell,9.775
2018,11,0,Courtney McGregor,9.9
2018,11,0,Emily Muhlenhaupt,9.824999999999999
2018,11,0,Gabriela Cavinta,9.75
2018,11,0,Sandra Collantes,9.75
2018,11,0,Shani Remme,9.9
2018,10,0,Ann Stockwell,9.800000000000001
2018,10,0,Courtney McGregor,9.824999999999999
2018,10,0,Gabriela Cavinta,9.824999999999999
2018,10,0,Sandra Collantes,9.824999999999999
2018,10,0,Sarah Means,9.1
2018,10,0,Shani Remme,9.925000000000001
2018,9,0,Ann Stockwell,9.824999999999999
2018,9,0,Courtney McGregor,9.9
2018,9,0,Emily Muhlenhaupt,9.75
2018,9,0,Sandra Collantes,9.75
2018,9,0,Sarah Means,9.225
2018,9,0,Shani Remme,9.9
2018,8,0,Ann Stockwell,9.875
2018,8,0,Courtney McGregor,9.9
2018,8,0,Emily Muhlenhaupt,9.85
2018,8,0,Sandra Collantes,9.824999999999999
2018,8,0,Sarah Means,9.199999999999999
2018,8,0,Shani Remme,9.85
2018,7,0,Ann Stockwell,9.800000000000001
2018,7,0,Courtney McGregor,9.824999999999999
2018,7,0,Gabriela Cavinta,9.824999999999999
2018,7,0,Sandra Collantes,9.824999999999999
2018,7,0,Sarah Means,9.800000000000001
2018,7,0,Shani Remme,9.824999999999999
2018,6,0,Ann Stockwell,9.85
2018,6,0,Courtney McGregor,9.9
2018,6,0,Emily Muhlenhaupt,9.824999999999999
2018,6,0,Sandra Collantes,9.75
2018,6,0,Sarah Means,9.824999999999999
2018,6,0,Shani Remme,9.9
2018,5,0,Ann Stockwell,9.875
2018,5,0,Courtney McGregor,9.85
2018,5,0,Emily Muhlenhaupt,9.85
2018,5,0,Sandra Collantes,9.800000000000001
2018,5,0,Sarah Means,9.824999999999999
2018,5,0,Shani Remme,9.824999999999999
2018,4,0,Ann Stockwell,9.025
2018,4,0,Courtney McGregor,9.85
2018,4,0,Emily Muhlenhaupt,9.85
2018,4,0,Sandra Collantes,9.775
2018,4,0,Sarah Means,9.75
2018,4,0,Shani Remme,9.9
2018,3,0,Ann Stockwell,9.725
2018,3,0,Courtney McGregor,9.85
2018,3,0,Maddi Nilson,9.25
2018,3,0,Sandra Collantes,9.225
2018,3,0,Sarah Means,9.725
2018,3,0,Shani Remme,9.875
2018,2,0,Ann Stockwell,9.824999999999999
2018,2,0,Courtney McGregor,9.85
2018,2,0,Maddi Nilson,9.824999999999999
2018,2,0,Sandra Collantes,9.875
2018,2,0,Sarah Means,9.824999999999999
2018,2,0,Shani Remme,9.85
2018,1,0,Ann Stockwell,9.85
2018,1,0,Courtney McGregor,9.800000000000001
2018,1,0,Maddi Nilson,9.35
2018,1,0,Sandra Collantes,9.75
2018,1,0,Sarah Means,9.775
2018,1,0,Shani Remme,9.875
2017,11,0,Ann Stockwell,9.800000000000001
2017,11,0,Courtney McGregor,9.9
2017,11,0,Diana Mejia,9.85
2017,11,0,Mackenzie Bennion,9.85
2017,11,0,Sandra Collantes,9.85
2017,11,0,Shani Remme,9.800000000000001
2017,10,0,Ann Stockwell,9.85
2017,10,0,Courtney McGregor,9.9
2017,10,0,Diana Mejia,9.949999999999999
2017,10,0,Mackenzie Bennion,8.949999999999999
2017,10,0,Sandra Collantes,9.875
2017,10,0,Shani Remme,9.875
2017,9,0,Ann Stockwell,9.824999999999999
2017,9,0,Courtney McGregor,9.949999999999999
2017,9,0,Diana Mejia,9.9
2017,9,0,Mackenzie Bennion,9.875
2017,9,0,Sandra Collantes,9.9
2017,9,0,Shani Remme,9.875
2017,8,0,Ann Stockwell,9.85
2017,8,0,Courtney McGregor,9.824999999999999
2017,8,0,Diana Mejia,9.800000000000001
2017,8,0,Mackenzie Bennion,9.875
2017,8,0,Sandra Collantes,9.800000000000001
2017,8,0,Shani Remme,9.9
2017,7,0,Ann Stockwell,9.800000000000001
2017,7,0,Courtney McGregor,9.775
2017,7,0,Diana Mejia,9.85
2017,7,0,Mackenzie Bennion,9.875
2017,7,0,Maddi Nilson,9.775
2017,7,0,Shani Remme,9.824999999999999
2017,6,0,Ann Stockwell,9.85
2017,6,0,Courtney McGregor,9.9
2017,6,0,Diana Mejia,9.75
2017,6,0,Mackenzie Bennion,9.875
2017,6,0,Maddi Nilson,9.800000000000001
2017,6,0,Shani Remme,9.875
2017,5,0,Ann Stockwell,9.75
2017,5,0,Courtney McGregor,9.9
2017,5,0,Diana Mejia,9.925000000000001
2017,5,0,Mackenzie Bennion,9.875
2017,5,0,Sandra Collantes,9.824999999999999
2017,5,0,Shani Remme,9.824999999999999
2017,4,0,Ann Stockwell,9.875
2017,4,0,Courtney McGregor,9.85
2017,4,0,Diana Mejia,9.9
2017,4,0,Mackenzie Bennion,9.800000000000001
2017,4,0,Sandra Collantes,9.9
2017,4,0,Shani Remme,9.875
2017,3,0,Ann Stockwell,9.85
2017,3,0,Courtney McGregor,9.9
2017,3,0,Diana Mejia,9.925000000000001
2017,3,0,Mackenzie Bennion,9.824999999999999
2017,3,0,Sandra Collantes,9.875
2017,3,0,Shani Remme,9.925000000000001
2017,2,0,Ann Stockwell,9.824999999999999
2017,2,0,Courtney McGregor,9.9
2017,2,0,Diana Mejia,9.85
2017,2,0,Mackenzie Bennion,9.775
2017,2,0,Sandra Collantes,9.75
2017,2,0,Shani Remme,9.824999999999999
2017,1,0,Courtney McGregor,9.824999999999999
2017,1,0,Diana Mejia,9.9
2017,1,0,Mackenzie Bennion,9.699999999999999
2017,1,0,Maddi Nilson,9.725
2017,1,0,Sarah Means,9.725
2017,1,0,Shani Remme,9.800000000000001
2022,10,0,Alysen Fears,9.875
2022,10,0,Bailey McCabe,9.225
2022,10,0,Elena Deets,9.75
2022,10,0,Emily Mueller,9.800000000000001
2022,10,0,Mackinzie Kane,9.800000000000001
2022,10,0,Malia Hargrove,9.875
2022,9,0,Alysen Fears,9.175000000000001
2022,9,0,Bailey McCabe,9.85
2022,9,0,Elena Deets,9.85
2022,9,0,Emily Mueller,9.725
2022,9,0,Mackinzie Kane,9.824999999999999
2022,9,0,Malia Hargrove,9.85
2022,8,0,Alysen Fears,9.9
2022,8,0,Bailey McCabe,9.875
2022,8,0,Emily Mueller,9.824999999999999
2022,8,0,Mackinzie Kane,9
2022,8,0,Malia Hargrove,9.85
2022,8,0,Sirena Linton,9.025
2022,7,0,Bailey McCabe,9.025
2022,7,0,Elena Deets,9.9
2022,7,0,Emily Mueller,9.824999999999999
2022,7,0,Mackinzie Kane,9.875
2022,7,0,Malia Hargrove,9.824999999999999
2022,7,0,Sirena Linton,9.775
2022,6,0,Alysen Fears,9.75
2022,6,0,Bailey McCabe,9.725
2022,6,0,Elena Deets,9.875
2022,6,0,Emily Mueller,9.725
2022,6,0,Malia Hargrove,9.725
2022,6,0,Sirena Linton,9.65
2022,5,0,Alysen Fears,9.875
2022,5,0,Bailey McCabe,9.824999999999999
2022,5,0,Elena Deets,9.824999999999999
2022,5,0,Emily Mueller,9.75
2022,5,0,Malia Hargrove,9.074999999999999
2022,5,0,Sirena Linton,9.725
2022,4,0,Alysen Fears,9.85
2022,4,0,Bailey McCabe,9.775
2022,4,0,Elena Deets,9.775
2022,4,0,Emily Mueller,9.800000000000001
2022,4,0,Mackinzie Kane,8.199999999999999
2022,4,0,Sirena Linton,9.824999999999999
2022,3,0,Alysen Fears,9.85
2022,3,0,Bailey McCabe,9.824999999999999
2022,3,0,Elena Deets,9.699999999999999
2022,3,0,Emily Mueller,9.75
2022,3,0,Malia Hargrove,9.175000000000001
2022,3,0,Sirena Linton,9.699999999999999
2022,2,0,Alysen Fears,9.275
2022,2,0,Bailey McCabe,9.775
2022,2,0,Elena Deets,9.824999999999999
2022,2,0,Emily Mueller,9.699999999999999
2022,2,0,Mackinzie Kane,8.425000000000001
2022,2,0,Malia Hargrove,1
2022,1,0,Alysen Fears,9.85
2022,1,0,Bailey McCabe,9.824999999999999
2022,1,0,Elena Deets,9.699999999999999
2022,1,0,Emily Mueller,9.775
2022,1,0,Mackinzie Kane,9.800000000000001
2022,1,0,Malia Hargrove,9.800000000000001
2017,12,0,Christina Berg,9.75
2017,12,0,Danielle Spencer-Bearham,9.75
2017,12,0,Gabby Laub,9.75
2017,12,0,Krysten Howard,9.725
2017,12,0,Selynna Felix-Terrazas,9.775
2017,12,0,Victoria Ortiz,9.75
2017,11,0,Christina Berg,9.875
2017,11,0,Danielle Spencer-Bearham,9.800000000000001
2017,11,0,Gabby Laub,9.85
2017,11,0,Krysten Howard,9.85
2017,11,0,Selynna Felix-Terrazas,9.85
2017,11,0,Victoria Ortiz,9.85
2017,10,0,Christina Berg,9.85
2017,10,0,Danielle Spencer-Bearham,9.775
2017,10,0,Gabby Laub,9.75
2017,10,0,Krysten Howard,9.775
2017,10,0,Madison Cindric,9.75
2017,10,0,Selynna Felix-Terrazas,9.9
2017,9,0,Christina Berg,9.199999999999999
2017,9,0,Gabby Laub,9.775
2017,9,0,Haylie Hendrickson,9.300000000000001
2017,9,0,Krysten Howard,9.875
2017,9,0,Selynna Felix-Terrazas,9.824999999999999
2017,9,0,Victoria Ortiz,9.925000000000001
2017,8,0,Christina Berg,9.800000000000001
2017,8,0,Gabby Laub,9.775
2017,8,0,Haylie Hendrickson,8.85
2017,8,0,Krysten Howard,9.85
2017,8,0,Selynna Felix-Terrazas,9.875
2017,8,0,Victoria Ortiz,9.9
2017,7,0,Christina Berg,9.824999999999999
2017,7,0,Danielle Spencer-Bearham,8.4
2017,7,0,Gabby Laub,9.775
2017,7,0,Haylie Hendrickson,9.85
2017,7,0,Krysten Howard,9.75
2017,7,0,Victoria Ortiz,9.949999999999999
2017,6,0,Christina Berg,9.85
2017,6,0,Danielle Spencer-Bearham,9.074999999999999
2017,6,0,Gabby Laub,9.9
2017,6,0,Haylie Hendrickson,9.699999999999999
2017,6,0,Krysten Howard,9.875
2017,6,0,Victoria Ortiz,9.9
2017,5,0,Christina Berg,9.824999999999999
2017,5,0,Danielle Spencer-Bearham,9.875
2017,5,0,Gabby Laub,9.85
2017,5,0,Haylie Hendrickson,9.75
2017,5,0,Krysten Howard,9.824999999999999
2017,5,0,Victoria Ortiz,9.9
2017,4,0,Christina Berg,9.800000000000001
2017,4,0,Danielle Spencer-Bearham,9.775
2017,4,0,Gabby Laub,9.775
2017,4,0,Haylie Hendrickson,9.800000000000001
2017,4,0,Krysten Howard,9.824999999999999
2017,4,0,Victoria Ortiz,9.85
2017,3,0,Christina Berg,9.875
2017,3,0,Danielle Spencer-Bearham,9.85
2017,3,0,Haylie Hendrickson,9.875
2017,3,1,Kennady Schneider,9.65
2017,3,0,Krysten Howard,9.800000000000001
2017,3,0,Victoria Ortiz,9.824999999999999
2017,2,0,Danielle Spencer-Bearham,9.85
2017,2,0,Gabby Laub,6.95
2017,2,0,Haylie Hendrickson,9.775
2017,2,0,Krysten Howard,9.800000000000001
2017,2,0,Madison Cindric,8.449999999999999
2017,2,0,Victoria Ortiz,9.800000000000001
2017,1,0,Christina Berg,9.574999999999999
2017,1,0,Gabby Laub,9.75
2017,1,0,Haylie Hendrickson,9.5
2017,1,0,Krysten Howard,9.775
2017,1,0,Madison Cindric,8.225
2017,1,0,Selynna Felix-Terrazas,9.824999999999999
2021,12,0,Cam Barber,9.725
2021,12,1,Daija Stevenson,9.199999999999999
2021,12,0,Elizabeth Shearns,9.65
2021,12,0,Grace Bardes,9.725
2021,12,0,Heidi Sand,9.6
2021,12,0,Jessica Kirkpatrick,8.949999999999999
2021,11,0,Cam Barber,9.824999999999999
2021,11,1,Daija Stevenson,9.775
2021,11,0,Elizabeth Shearns,9.6
2021,11,0,Grace Bardes,9.574999999999999
2021,11,0,Heidi Sand,8.6
2021,11,0,Jessica Kirkpatrick,8.85
2021,10,0,Cam Barber,9.75
2021,10,1,Daija Stevenson,9.675000000000001
2021,10,0,Grace Bardes,9.675000000000001
2021,10,0,Heidi Sand,9.475
2021,10,0,Jessica Kirkpatrick,8.975
2021,10,0,Pixie Brock,8.925000000000001
2021,9,0,Cam Barber,9.775
2021,9,1,Daija Stevenson,9.625
2021,9,0,Grace Bardes,9.550000000000001
2021,9,0,Heidi Sand,9.125
2021,9,0,Pixie Brock,8.725
2021,9,1,Tyler Davis,7.55
2021,8,0,Cam Barber,9.65
2021,8,1,Daija Stevenson,9.725
2021,8,0,Grace Bardes,9.699999999999999
2021,8,0,Heidi Sand,9.65
2021,8,0,Jessica Kirkpatrick,9.675000000000001
2021,8,0,Pixie Brock,8.65
2021,7,0,Cam Barber,9.75
2021,7,1,Daija Stevenson,9.725
2021,7,0,Grace Bardes,9.75
2021,7,0,Heidi Sand,8.975
2021,7,0,Jessica Kirkpatrick,8.9
2021,7,0,Pixie Brock,9.824999999999999
2021,6,0,Cam Barber,9.550000000000001
2021,6,1,Daija Stevenson,9.6
2021,6,0,Grace Bardes,9.449999999999999
2021,6,0,Heidi Sand,9.425000000000001
2021,6,0,Jessica Kirkpatrick,9.550000000000001
2021,6,0,Lauren Miller,9.65
2021,5,0,Cam Barber,9.050000000000001
2021,5,1,Daija Stevenson,9.65
2021,5,0,Grace Bardes,9.435
2021,5,0,Jessica Kirkpatrick,9.675000000000001
2021,5,0,Lauren Miller,9.475
2021,5,0,Pixie Brock,8.9
2021,4,0,Cam Barber,9.824999999999999
2021,4,1,Daija Stevenson,9.75
2021,4,0,Grace Bardes,9.425000000000001
2021,4,0,Heidi Sand,9.4
2021,4,0,Jessica Kirkpatrick,8.699999999999999
2021,4,0,Lauren Miller,9.699999999999999
2021,3,0,Cam Barber,8.5
2021,3,1,Daija Stevenson,9.550000000000001
2021,3,0,Grace Bardes,8.75
2021,3,0,Heidi Sand,9.324999999999999
2021,3,0,Jessica Kirkpatrick,9.525
2021,3,0,Lauren Miller,9.574999999999999
2021,2,0,Ainsley Prins,9.1
2021,2,0,Cam Barber,9.699999999999999
2021,2,1,Daija Stevenson,9.699999999999999
2021,2,0,Grace Bardes,9.525
2021,2,0,Heidi Sand,9.225
2021,2,0,Lauren Miller,8.925000000000001
2021,1,0,Ainsley Prins,9.449999999999999
2021,1,0,Cam Barber,9.550000000000001
2021,1,0,Grace Bardes,9.5
2021,1,0,Heidi Sand,9.225
2021,1,0,Lauren Miller,9
2021,1,1,Tyler Davis,9.15
2018,16,0,Anna Salamone,9.675000000000001
2018,16,0,Mariana Murphy,9.75
2018,15,0,Analise Howard,9.824999999999999
2018,15,0,Anna Salamone,9.925000000000001
2018,15,0,Brittney Reed,9.699999999999999
2018,15,0,Jessica Kirkpatrick,9.75
2018,15,0,Mariana Murphy,9.050000000000001
2018,15,1,Tyler Davis,9.725
2018,14,0,Analise Howard,9.425000000000001
2018,14,0,Anna Salamone,9.9
2018,14,0,Brittney Reed,9.699999999999999
2018,14,0,Jessica Kirkpatrick,9.85
2018,14,0,Mariana Murphy,9.85
2018,14,1,Tyler Davis,9.75
2018,13,0,Anna Salamone,9.75
2018,12,0,Analise Howard,9.050000000000001
2018,12,0,Anna Salamone,9.875
2018,12,0,Brittney Reed,9.75
2018,12,0,Jessica Kirkpatrick,9.074999999999999
2018,12,0,Mariana Murphy,9.75
2018,12,1,Tyler Davis,9.699999999999999
2018,11,0,Analise Howard,9.824999999999999
2018,11,0,Anna Salamone,9.824999999999999
2018,11,0,Brittney Reed,9.775
2018,11,0,Jamie Lewis,8.85
2018,11,0,Mariana Murphy,9.625
2018,11,1,Tyler Davis,9.675000000000001
2018,10,0,Analise Howard,9.775
2018,10,0,Anna Salamone,9.775
2018,10,0,Brittney Reed,9.675000000000001
2018,10,0,Jamie Lewis,9.5
2018,10,0,Jessica Kirkpatrick,8.975
2018,10,0,Mariana Murphy,9.725
2018,9,0,Analise Howard,9.85
2018,9,0,Anna Salamone,9.9
2018,9,0,Brittney Reed,9.699999999999999
2018,9,0,Jamie Lewis,9.550000000000001
2018,9,0,Jessica Kirkpatrick,9.65
2018,9,0,Mariana Murphy,9.65
2018,8,0,Analise Howard,9.824999999999999
2018,8,0,Anna Salamone,9.824999999999999
2018,8,0,Brittney Reed,9.75
2018,8,0,Jamie Lewis,9.65
2018,8,0,Jessica Kirkpatrick,7.4
2018,8,0,Mariana Murphy,9.775
2018,7,0,Analise Howard,9.85
2018,7,0,Anna Salamone,9.824999999999999
2018,7,0,Brittney Reed,9.725
2018,7,0,Jamie Lewis,9.625
2018,7,0,Jessica Kirkpatrick,9.125
2018,7,0,Mariana Murphy,9.074999999999999
2018,6,0,Analise Howard,9.725
2018,6,0,Anna Salamone,9.775
2018,6,0,Brittney Reed,9.675000000000001
2018,6,0,Jamie Lewis,9.5
2018,6,0,Jessica Kirkpatrick,9.824999999999999
2018,6,0,Mariana Murphy,9.15
2018,5,0,Analise Howard,9.75
2018,5,0,Anna Salamone,9.85
2018,5,0,Brittney Reed,9.775
2018,5,0,Jamie Lewis,9.675000000000001
2018,5,0,Jessica Kirkpatrick,9.775
2018,5,0,Mariana Murphy,9.85
2018,4,0,Analise Howard,9.199999999999999
2018,4,0,Anna Salamone,9.725
2018,4,0,Brittney Reed,9.725
2018,4,0,Jamie Lewis,9.6
2018,4,0,Lynne Jad,7.95
2018,4,0,Mariana Murphy,9.550000000000001
2018,3,0,Analise Howard,9.75
2018,3,0,Anna Salamone,9.875
2018,3,0,Brittney Reed,9.550000000000001
2018,3,0,Jessica Kirkpatrick,9.6
2018,3,0,Mariana Murphy,9.775
2018,3,1,Tyler Davis,9.525
2018,2,0,Anna Salamone,9.824999999999999
2018,2,0,Brittney Reed,9.725
2018,2,0,Jamie Lewis,9.65
2018,2,0,Jessica Kirkpatrick,9.775
2018,2,0,Mariana Murphy,9.699999999999999
2018,2,1,Tyler Davis,9.699999999999999
2018,1,0,Anna Salamone,9.699999999999999
2018,1,0,Brittney Reed,9.675000000000001
2018,1,0,Jamie Lewis,9.6
2018,1,0,Jessica Kirkpatrick,9.775
2018,1,0,Mariana Murphy,9.625
2018,1,1,Tyler Davis,9.525
